gender,SeniorCitizen,Partner,Dependents,tenure,PhoneService,MultipleLines,InternetService,OnlineSecurity,OnlineBackup,DeviceProtection,TechSupport,StreamingTV,StreamingMovies,Contract,PaperlessBilling,PaymentMethod,MonthlyCharges,TotalCharges,Actual_Churn,Predicted_Churn,Churn_Probability
1,1,1,0,61,1,2,2,1,1,1,1,1,1,2,0,0,25.0,1501.75,0,0,0.0
0,0,0,0,19,1,2,2,1,1,1,1,1,1,0,0,0,24.7,465.85,0,0,0.1
1,0,1,0,13,1,2,1,0,0,2,0,2,2,0,1,1,102.25,1359.0,1,1,0.75
1,0,1,0,37,1,2,0,2,0,0,0,0,0,0,1,3,55.05,2030.75,0,0,0.21
0,0,0,0,6,0,1,0,2,0,0,0,0,0,0,0,0,29.45,161.45,0,0,0.24
1,0,1,0,3,0,1,0,0,2,0,0,0,0,0,0,1,29.8,94.4,0,1,0.55
1,1,1,1,52,1,2,0,0,2,2,0,2,2,1,1,2,80.85,4079.55,0,0,0.13
0,1,0,0,15,1,0,1,0,0,0,0,2,2,0,1,2,91.5,1400.3,0,1,0.67
0,0,0,0,26,1,2,0,2,2,0,0,2,0,0,1,0,69.5,1800.05,0,0,0.22
1,0,1,0,66,1,2,0,2,2,0,2,2,2,2,0,2,85.25,5538.35,0,0,0.02
1,0,0,0,4,1,0,1,0,0,2,0,0,2,0,0,2,86.05,308.1,0,0,0.5
1,0,1,0,8,1,0,1,2,0,0,0,0,0,0,0,2,75.0,632.95,1,0,0.27
1,0,0,0,48,1,0,2,1,1,1,1,1,1,2,0,1,20.15,982.95,0,0,0.0
0,0,0,1,10,1,2,0,2,0,2,2,0,2,1,0,1,73.55,693.3,0,0,0.2
0,0,0,0,64,1,2,1,2,2,2,2,2,2,2,1,0,115.1,7334.05,0,0,0.07
1,0,0,0,22,1,0,1,0,2,0,0,2,2,0,1,3,93.2,2157.3,0,0,0.31
1,1,0,0,1,1,2,1,0,0,0,0,2,2,0,1,2,93.55,93.55,1,1,1.0
1,0,0,0,67,1,0,0,0,0,0,2,0,0,2,0,0,50.55,3260.1,0,0,0.09
1,0,0,1,22,1,0,1,0,2,2,0,2,0,0,1,2,89.4,2001.5,1,0,0.33
1,0,1,0,65,1,2,1,0,2,0,0,2,0,0,1,0,91.85,5940.85,1,0,0.25
1,0,1,1,34,0,1,0,2,0,0,0,0,0,1,0,0,30.4,938.65,0,0,0.05
0,0,1,0,72,1,0,2,1,1,1,1,1,1,2,0,0,20.05,1423.65,0,0,0.0
1,0,0,0,5,1,0,0,0,2,0,0,0,0,0,1,2,51.35,262.3,0,0,0.44
1,1,1,0,46,1,2,1,0,0,2,0,2,2,0,1,2,98.85,4564.9,0,1,0.93
0,0,0,0,2,1,0,1,0,0,0,0,0,0,0,1,2,70.15,123.8,0,0,0.413
1,0,1,1,37,1,0,0,2,0,2,2,0,0,1,1,3,58.75,2203.1,0,0,0.02
0,0,0,0,33,1,2,2,1,1,1,1,1,1,2,0,1,25.7,826.1,0,0,0.0
0,0,0,1,16,1,0,2,1,1,1,1,1,1,1,1,0,19.3,360.35,0,0,0.08
1,0,0,0,6,1,2,1,0,0,0,0,0,0,0,1,2,74.9,469.8,1,1,0.63
0,0,1,1,13,1,0,0,0,0,0,0,0,2,0,0,2,55.95,734.35,1,0,0.31
1,0,1,0,47,1,2,1,0,0,0,0,2,2,1,1,1,95.2,4563.0,0,0,0.2
0,0,0,0,1,1,0,1,0,0,0,0,0,0,0,1,2,69.5,69.5,1,1,1.0
1,0,1,1,39,1,0,0,2,0,2,2,2,2,1,0,1,80.0,3182.95,1,0,0.1
1,1,1,0,63,1,2,1,2,2,2,0,2,2,2,0,1,108.5,6991.9,0,0,0.09
0,0,0,0,10,1,0,2,1,1,1,1,1,1,0,0,3,18.85,163.2,0,0,0.3
1,0,0,0,10,1,2,2,1,1,1,1,1,1,0,1,2,24.0,226.55,0,0,0.12
0,0,0,0,18,1,2,1,0,0,2,2,0,2,0,1,0,95.05,1679.4,0,0,0.22
1,0,0,0,1,1,0,0,2,0,0,0,0,0,0,1,1,49.8,49.8,0,0,0.44
1,0,1,0,66,0,1,0,2,2,2,2,2,0,2,1,0,56.6,3789.2,0,0,0.01
1,1,0,0,69,1,0,2,1,1,1,1,1,1,2,0,1,20.3,1356.3,0,0,0.0
1,0,0,0,3,1,0,0,0,0,0,2,2,2,0,1,2,69.35,191.35,1,0,0.24
0,0,0,0,68,1,0,2,1,1,1,1,1,1,2,0,1,19.6,1441.65,0,0,0.0
1,0,1,1,6,1,0,2,1,1,1,1,1,1,1,0,3,19.45,113.5,0,0,0.0
1,0,0,0,72,1,0,2,1,1,1,1,1,1,2,0,0,19.85,1434.1,0,0,0.0
0,1,1,0,58,1,2,1,0,0,0,2,2,2,0,1,0,100.4,5749.8,0,1,0.58
0,0,1,1,45,1,2,1,2,2,0,0,2,2,0,1,2,105.15,4730.9,0,0,0.24
1,0,1,1,68,1,2,1,2,2,2,0,2,2,2,1,2,110.2,7467.5,0,0,0.19
1,0,1,1,32,1,2,1,2,0,0,0,2,2,0,1,1,99.55,3204.65,1,0,0.3
1,0,0,0,1,1,2,1,0,0,0,0,0,0,0,1,2,74.9,74.9,1,1,0.71
1,0,0,0,9,1,0,1,0,0,0,0,0,0,0,1,2,70.5,597.9,0,0,0.46
0,0,1,1,19,0,1,0,0,0,0,0,0,0,0,1,3,24.85,434.8,0,0,0.18
1,0,1,1,60,1,0,0,2,2,2,2,0,0,1,1,0,65.85,3928.3,0,0,0.02
0,0,0,0,29,1,0,1,0,0,0,0,2,0,0,1,2,78.9,2384.15,1,0,0.47
1,0,1,1,72,1,2,1,2,2,2,2,2,2,2,1,1,114.05,8468.2,0,0,0.01
1,1,1,0,43,1,2,1,0,2,0,2,2,0,0,1,2,94.3,3953.15,0,0,0.32
1,0,1,1,1,1,0,1,0,0,0,0,0,0,0,1,3,69.9,69.9,1,1,0.752
0,0,1,1,15,1,0,0,0,2,2,2,2,2,0,0,0,76.5,1155.6,0,0,0.18
1,0,0,0,3,1,0,1,0,0,0,0,2,2,0,0,3,90.7,237.65,0,1,0.55
1,0,1,1,49,1,2,1,0,0,2,0,2,2,0,1,2,99.8,4872.45,1,1,0.67
1,0,0,0,12,1,2,1,0,0,2,0,2,0,0,1,2,89.55,1021.75,0,1,0.59
1,0,0,0,1,1,0,1,0,0,0,0,0,2,0,1,3,80.85,80.85,1,1,0.91
1,0,0,0,21,1,0,2,1,1,1,1,1,1,0,0,1,20.5,402.85,0,0,0.02
0,0,1,0,18,1,0,1,2,0,0,0,0,0,0,0,2,74.8,1438.05,0,0,0.42
0,1,1,1,72,1,2,0,2,2,2,2,2,2,2,0,1,92.45,6440.25,1,0,0.01
1,0,0,0,72,1,0,2,1,1,1,1,1,1,2,0,0,19.3,1414.8,0,0,0.0
0,0,0,0,46,1,0,1,0,0,2,0,0,0,0,1,1,74.8,3548.3,0,0,0.37
0,1,0,0,7,1,0,1,2,0,0,0,0,0,0,0,0,76.45,503.6,1,0,0.31
0,0,1,1,72,1,2,0,2,0,2,2,2,2,2,0,1,84.7,5893.9,0,0,0.01
1,0,0,0,39,1,0,2,1,1,1,1,1,1,1,0,3,19.9,791.15,0,0,0.0
0,1,1,0,72,1,2,0,2,2,2,2,0,2,2,0,0,78.45,5682.25,0,0,0.05
1,0,0,0,1,1,2,0,0,0,0,0,0,0,0,0,3,50.75,50.75,0,1,0.64
1,0,0,1,72,1,0,2,1,1,1,1,1,1,2,0,1,19.9,1529.65,0,0,0.0
1,0,1,0,6,1,2,1,0,0,0,0,2,0,0,1,2,82.85,460.25,1,1,0.78
0,0,0,1,44,1,0,2,1,1,1,1,1,1,2,0,3,19.9,868.1,0,0,0.0
0,0,0,0,1,1,0,2,1,1,1,1,1,1,0,0,3,20.95,20.95,1,1,0.541
0,0,1,0,18,1,0,2,1,1,1,1,1,1,2,0,3,20.1,370.5,0,0,0.0
1,0,1,1,41,1,2,0,0,2,2,0,2,0,1,0,0,68.5,2839.95,0,0,0.07
0,0,1,1,48,1,0,2,1,1,1,1,1,1,2,0,0,20.2,1027.25,0,0,0.0
0,0,1,1,72,1,2,1,2,2,2,2,2,2,2,0,1,117.5,8670.1,0,0,0.11
0,0,1,1,62,1,2,0,0,0,0,0,2,2,0,1,1,70.45,4300.45,0,0,0.23
0,0,1,1,1,1,0,2,1,1,1,1,1,1,0,0,2,19.45,19.45,0,0,0.37
0,0,0,0,11,1,2,1,2,0,0,0,0,0,0,1,0,79.0,929.3,0,0,0.4
1,0,0,0,12,1,0,1,2,0,2,0,0,0,0,0,0,81.7,858.6,1,0,0.27
0,0,0,0,35,1,2,1,0,0,0,0,2,0,0,1,2,86.45,3029.1,1,1,0.58
1,0,0,0,17,1,0,1,0,0,0,0,0,0,0,1,2,70.8,1207.0,0,0,0.41
1,0,1,1,34,1,0,1,0,0,0,0,0,2,1,1,0,78.95,2647.2,0,0,0.23
0,0,1,1,59,1,2,0,2,2,2,2,2,2,2,0,1,90.3,5194.05,0,0,0.0
0,0,1,1,41,1,0,0,0,2,0,2,0,2,1,1,0,66.5,2728.6,1,0,0.04
1,0,1,1,35,1,2,2,1,1,1,1,1,1,2,0,0,25.45,809.25,0,0,0.0
0,0,1,1,72,1,2,0,2,2,2,2,2,0,2,0,0,80.2,5714.2,0,0,0.02
1,1,0,0,24,1,2,0,0,2,0,0,0,0,0,0,1,54.8,1291.3,0,0,0.21
0,0,1,0,43,1,2,0,0,0,0,2,2,0,1,1,0,64.85,2908.2,0,0,0.06
0,0,0,0,10,1,2,1,0,2,2,0,0,2,0,1,2,94.85,953.45,1,1,0.55
1,0,1,1,28,0,1,0,0,2,2,2,2,2,1,1,1,60.0,1682.05,0,0,0.11
0,1,0,0,43,1,2,1,0,2,0,0,2,0,0,1,2,90.25,3838.75,0,1,0.58
0,0,0,0,72,1,0,2,1,1,1,1,1,1,2,0,1,20.25,1566.9,0,0,0.0
1,0,1,1,24,1,0,0,2,0,2,0,0,0,1,1,1,56.25,1454.25,0,0,0.05
1,0,1,0,9,1,0,0,0,0,2,0,2,2,0,1,3,70.05,564.4,0,0,0.4
0,0,1,1,6,1,2,0,0,0,0,0,0,0,0,1,1,48.95,273.25,0,0,0.5
1,0,0,0,46,0,1,0,2,0,0,0,0,0,1,1,0,30.75,1489.3,0,0,0.09
1,0,0,0,57,1,0,2,1,1,1,1,1,1,2,0,0,20.65,1125.6,0,0,0.01
0,1,1,0,68,1,2,1,0,2,0,0,2,2,0,1,2,100.2,6851.65,1,0,0.17
0,1,1,1,24,1,0,1,0,0,2,0,2,2,2,1,2,96.55,2263.45,0,0,0.32
1,0,1,1,26,1,2,1,0,0,0,0,2,0,0,1,2,83.75,2070.6,1,0,0.26
1,0,0,0,1,1,0,0,0,0,0,0,0,2,0,0,3,55.55,55.55,0,1,0.52
1,0,1,1,72,1,2,1,2,0,2,0,2,2,2,1,0,105.55,7542.25,0,0,0.1
0,1,1,0,33,1,2,1,0,2,0,0,0,0,0,1,0,80.6,2656.5,1,1,0.54
1,0,0,0,39,1,0,0,0,0,0,2,0,0,2,1,0,49.8,1971.15,0,0,0.13
1,0,0,0,9,1,2,1,0,0,0,0,0,0,0,1,2,75.85,724.65,0,0,0.3
0,0,1,1,41,0,1,0,2,0,2,0,0,0,1,0,1,35.4,1412.4,0,0,0.03
1,0,0,0,71,1,2,1,2,0,0,2,0,2,1,0,1,97.65,6687.85,0,0,0.26
0,0,1,1,22,1,0,2,1,1,1,1,1,1,1,0,0,20.75,452.35,0,0,0.0
1,0,1,1,72,1,2,0,2,2,2,2,2,0,2,0,0,82.3,5815.15,0,0,0.03
0,1,0,0,13,1,0,1,0,0,2,0,2,2,0,1,2,96.85,1235.55,0,1,0.9
0,0,0,0,68,1,2,2,1,1,1,1,1,1,2,0,0,25.5,1821.8,0,0,0.0
1,0,0,0,1,1,0,0,0,0,0,0,0,0,0,0,3,44.6,44.6,0,0,0.24
0,0,1,0,70,1,0,2,1,1,1,1,1,1,2,0,0,19.8,1397.65,0,0,0.0
0,0,1,0,68,1,2,0,2,0,0,2,0,0,1,0,0,58.25,3975.7,0,0,0.0
1,0,1,1,37,0,1,0,2,2,2,0,0,0,0,0,0,40.2,1448.8,1,0,0.14
0,0,1,1,41,1,0,2,1,1,1,1,1,1,2,0,0,19.7,804.25,0,0,0.01
1,1,0,0,4,1,0,1,2,0,0,0,0,0,0,0,2,75.35,273.4,0,0,0.28
1,0,0,0,4,1,0,1,0,0,0,0,2,2,0,1,2,88.45,370.65,1,1,0.68
1,0,0,0,72,1,2,1,0,2,2,0,2,2,2,1,2,103.65,7634.8,0,0,0.3
1,0,0,1,23,1,0,2,1,1,1,1,1,1,1,0,3,19.8,465.45,0,0,0.0
0,0,0,0,15,1,2,2,1,1,1,1,1,1,2,0,0,25.05,369.1,0,0,0.05
1,0,0,0,13,0,1,0,2,0,0,2,2,0,0,1,1,45.55,597.0,1,0,0.27
0,0,0,0,5,1,0,2,1,1,1,1,1,1,0,1,3,20.5,104.3,0,0,0.04
0,0,1,0,46,1,0,0,2,2,0,2,0,2,1,0,3,70.6,3231.05,0,0,0.1
0,0,0,0,12,0,1,0,2,0,0,2,0,0,1,1,3,33.6,435.45,0,0,0.02
1,0,0,0,44,1,0,2,1,1,1,1,1,1,1,0,1,19.5,835.5,0,0,0.01
0,0,0,0,68,0,1,0,0,2,0,2,0,2,0,0,2,44.95,3085.35,0,0,0.15
0,0,0,0,1,1,0,2,1,1,1,1,1,1,0,1,3,19.9,19.9,1,1,0.66
1,0,1,0,30,1,0,2,1,1,1,1,1,1,1,0,1,19.8,576.65,0,0,0.0
1,0,1,1,41,1,2,1,0,0,2,2,2,2,1,1,2,102.6,4213.35,1,0,0.28
1,0,1,0,14,1,2,1,0,0,0,0,0,2,0,1,2,85.15,1139.2,1,1,0.8
0,0,1,0,59,1,2,1,2,2,0,0,2,0,0,1,2,94.75,5597.65,0,0,0.27
0,0,0,0,56,1,0,2,1,1,1,1,1,1,2,1,0,19.55,1080.55,0,0,0.01
0,1,0,0,11,1,2,1,0,0,0,0,0,2,0,1,1,84.8,906.85,1,1,0.72
1,0,0,0,54,1,2,1,2,2,0,2,2,2,2,1,1,108.0,5760.65,0,0,0.4
0,0,0,0,36,1,2,0,0,0,2,0,0,0,1,0,2,55.8,1941.5,0,0,0.05
1,0,0,0,16,1,0,2,1,1,1,1,1,1,2,0,3,19.75,284.35,0,0,0.02
0,0,1,1,30,1,0,0,0,2,2,2,2,2,2,0,0,80.8,2369.3,0,0,0.07
1,0,0,0,46,1,2,1,0,0,0,0,0,0,0,0,0,72.8,3249.4,0,0,0.32
1,0,1,1,25,1,0,0,2,0,0,2,0,0,0,0,2,54.3,1296.8,0,0,0.15
0,1,0,0,8,1,2,1,0,0,0,0,0,0,0,1,2,75.75,606.25,1,1,0.56
0,0,1,1,57,1,2,0,2,2,0,2,0,0,0,0,0,65.2,3687.85,0,0,0.05
0,1,1,0,72,1,2,1,2,2,2,2,2,2,2,1,1,116.75,8277.05,0,0,0.0
0,1,0,0,35,1,0,1,0,0,0,0,0,0,0,0,2,70.55,2419.0,0,0,0.45
0,0,0,0,1,1,0,0,0,0,0,0,0,0,0,1,3,45.4,45.4,1,0,0.27
1,0,1,0,6,1,2,1,0,0,0,0,0,0,0,1,2,75.5,438.0,1,1,0.71
0,0,1,1,45,1,2,2,1,1,1,1,1,1,1,1,1,25.9,1216.6,0,0,0.03
1,1,0,0,1,1,0,0,0,0,0,0,0,0,0,0,2,45.2,45.2,0,1,0.66
0,0,0,0,72,1,2,1,2,0,0,2,0,0,2,1,0,84.7,6185.15,0,0,0.08
0,0,1,1,72,0,1,0,2,2,2,2,0,2,2,0,1,55.65,3880.05,0,0,0.0
1,0,0,0,9,0,1,0,0,0,0,0,2,2,0,1,2,45.4,418.8,1,1,0.73
0,1,0,0,49,1,0,1,0,2,2,0,0,2,1,1,0,89.85,4287.2,0,0,0.16
0,0,0,0,23,1,0,1,0,2,2,2,0,0,0,0,0,83.2,2032.3,0,0,0.3
1,0,1,0,35,1,2,1,0,0,0,2,2,0,0,1,1,91.5,3236.35,0,0,0.38
1,0,0,0,5,0,1,0,2,2,2,2,0,0,0,1,3,43.25,219.0,1,0,0.4
1,0,1,1,13,1,0,1,2,0,0,0,0,2,0,0,2,84.05,1095.3,1,0,0.24
0,0,1,0,45,1,0,0,0,0,2,0,0,0,0,1,1,50.25,2221.55,0,0,0.15
1,0,1,0,12,1,0,0,0,0,2,2,2,2,0,1,2,74.15,741.4,0,0,0.25
0,0,0,0,72,1,0,2,1,1,1,1,1,1,2,1,0,21.15,1419.4,0,0,0.0
0,0,1,1,1,1,0,2,1,1,1,1,1,1,0,1,3,19.4,19.4,0,0,0.38
0,0,0,0,37,1,2,0,2,2,2,2,2,0,0,1,1,78.9,2976.95,0,0,0.13
1,0,0,0,45,1,0,2,1,1,1,1,1,1,1,0,0,18.85,867.3,0,0,0.02
1,0,1,0,9,1,0,1,0,2,2,2,2,0,0,1,3,94.85,890.6,1,1,0.66
1,0,0,0,15,1,0,1,0,0,2,2,2,2,0,1,2,101.35,1553.95,1,0,0.32
0,0,0,0,1,1,2,1,0,0,0,0,2,2,0,1,2,94.6,94.6,1,1,0.96
0,1,1,1,22,1,2,1,0,0,0,0,2,0,0,0,0,85.35,1961.6,0,0,0.35
1,0,0,0,2,1,0,1,0,0,0,0,0,2,0,1,2,80.95,171.15,1,1,0.69
1,1,0,0,60,1,2,0,2,2,0,0,0,2,1,1,2,71.75,4374.55,0,0,0.08
0,0,0,0,26,1,0,1,0,0,0,0,0,0,0,1,1,69.05,1815.65,0,0,0.29
0,0,0,1,15,1,0,2,1,1,1,1,1,1,1,0,3,19.65,270.6,0,0,0.01
0,0,0,0,35,1,2,1,0,0,0,2,0,0,0,0,1,80.05,2835.9,0,1,0.55
0,1,0,0,42,1,2,1,0,2,2,0,2,2,0,1,0,104.75,4323.45,1,1,0.64
1,0,1,0,43,1,0,0,0,0,0,0,2,0,1,1,3,56.35,2391.15,0,0,0.15
0,0,1,0,11,1,2,1,0,2,0,0,2,2,0,1,2,102.0,1145.35,1,1,0.77
1,0,0,0,37,1,2,0,2,2,2,2,2,2,1,1,0,90.6,3358.65,0,0,0.06
0,0,1,0,65,1,2,1,0,2,2,2,2,2,2,1,0,107.65,7082.85,0,0,0.05
1,0,0,0,1,1,0,0,0,0,0,0,0,0,0,0,3,46.3,46.3,1,0,0.5
0,0,0,0,16,1,2,0,0,0,2,0,0,2,0,1,1,65.2,1043.35,1,0,0.31
0,0,1,1,72,1,0,0,2,2,2,0,0,2,2,0,1,68.75,4888.2,0,0,0.07
0,0,0,0,1,0,1,0,0,0,0,0,0,0,0,1,3,24.9,24.9,0,1,0.73
1,0,0,0,4,0,1,0,2,2,0,2,0,0,0,0,3,42.4,146.4,0,0,0.44
0,0,1,0,72,1,2,0,2,2,0,2,0,0,2,0,0,64.75,4804.75,0,0,0.07
1,0,0,0,30,1,2,1,2,2,2,0,0,0,1,0,0,90.4,2820.65,0,0,0.11
0,0,0,0,5,1,0,1,0,2,0,0,2,0,0,1,3,85.3,420.45,0,0,0.43
1,0,0,1,53,1,0,1,2,2,2,0,0,2,1,0,2,95.95,5036.9,0,0,0.08
0,1,0,0,1,0,1,0,0,0,0,0,0,0,0,0,2,25.25,25.25,1,1,0.83
0,0,0,0,3,1,0,0,2,2,0,0,0,0,0,0,2,55.35,165.2,1,0,0.31
1,0,0,0,3,1,0,1,0,0,2,2,2,0,0,1,3,89.85,244.45,0,1,0.82
1,1,0,0,67,1,2,1,0,0,2,0,2,2,0,1,1,101.4,6841.05,0,0,0.47
1,0,1,1,23,1,0,0,2,0,0,2,0,0,1,0,1,57.2,1423.35,0,0,0.05
1,0,1,1,72,1,0,0,0,2,2,0,2,2,2,1,0,75.4,5480.25,0,0,0.05
0,0,0,0,26,0,1,0,0,0,2,2,2,0,0,1,1,44.45,1183.8,0,0,0.11
0,1,0,0,71,1,2,0,2,2,2,2,2,2,2,0,3,89.85,6293.45,0,0,0.03
0,0,1,0,68,1,2,1,0,0,2,0,2,0,2,1,0,89.95,5974.3,0,0,0.15
0,0,0,0,2,1,2,1,0,0,0,0,0,0,0,1,2,75.9,143.35,1,1,0.78
0,0,1,1,64,1,2,0,2,2,2,2,2,2,2,1,3,90.6,5817.45,0,0,0.01
1,0,1,0,22,1,0,2,1,1,1,1,1,1,0,1,0,20.45,471.55,0,0,0.06
1,1,0,0,27,1,2,1,0,2,0,2,2,2,1,1,0,104.65,2964.0,0,0,0.2
1,0,1,1,60,1,2,1,0,2,0,2,2,2,0,1,0,103.75,5969.95,0,0,0.31
1,0,0,0,51,1,2,0,2,0,0,2,0,0,1,0,1,59.9,3043.6,0,0,0.03
0,0,0,0,8,1,0,1,2,0,0,0,2,0,0,0,2,84.95,668.4,1,1,0.62
0,0,0,1,7,1,0,1,0,0,0,0,0,0,0,1,2,71.05,472.65,0,1,0.66
0,0,1,1,24,1,0,2,1,1,1,1,1,1,2,1,3,19.7,494.05,0,0,0.0
0,0,0,1,24,1,0,2,1,1,1,1,1,1,1,0,0,21.05,531.55,0,0,0.0
1,1,0,0,39,1,2,1,0,0,0,0,2,2,0,1,0,95.65,3759.05,1,1,0.54
0,0,0,0,4,0,1,0,2,0,2,0,0,0,0,0,3,35.0,135.75,0,0,0.29
0,0,1,0,17,1,0,2,1,1,1,1,1,1,1,0,3,19.35,307.0,0,0,0.0
0,0,1,0,15,1,2,2,1,1,1,1,1,1,2,0,3,25.2,387.9,0,0,0.02
0,1,0,0,70,1,2,0,0,2,2,2,2,0,2,1,0,75.5,5212.65,0,0,0.09
0,0,0,1,1,1,0,1,0,0,0,0,0,2,0,1,2,79.6,79.6,1,1,0.84
0,0,1,1,34,0,1,0,2,0,2,2,2,2,1,0,3,61.25,1993.2,0,0,0.03
0,0,1,0,26,1,2,1,0,2,0,0,0,0,0,0,0,79.3,2015.8,0,0,0.38
1,0,1,1,55,1,0,2,1,1,1,1,1,1,2,0,3,20.5,1177.95,0,0,0.02
0,0,1,0,27,1,2,1,0,0,2,0,0,2,0,0,0,90.15,2423.4,0,0,0.27
1,0,1,1,26,1,0,0,0,0,2,0,0,0,1,0,3,50.35,1285.8,0,0,0.02
1,0,0,0,39,1,2,1,0,0,0,0,0,0,0,1,1,73.15,2730.85,0,0,0.27
1,1,0,0,20,1,0,1,0,0,0,0,0,0,0,0,1,71.3,1389.2,1,0,0.19
1,0,1,0,24,1,0,0,2,0,0,2,0,0,0,0,3,53.6,1315.35,0,0,0.12
0,0,1,0,68,1,2,1,0,2,2,2,0,0,2,0,1,90.2,6297.65,0,0,0.1
1,1,1,0,16,1,0,1,0,2,0,0,0,0,0,1,1,74.3,1178.25,1,1,0.63
0,0,0,0,1,1,0,1,0,0,0,0,0,0,0,0,3,71.1,71.1,0,1,1.0
1,0,1,0,70,0,1,0,0,2,2,2,0,2,1,1,0,51.05,3635.15,0,0,0.09
1,1,0,0,3,1,0,1,0,0,0,0,2,0,0,1,2,79.9,260.9,1,1,0.61
0,0,1,0,24,1,0,1,0,2,2,0,2,2,0,1,1,99.3,2431.35,1,0,0.4
1,0,1,1,72,1,2,0,2,2,2,2,2,2,2,1,1,91.95,6614.9,0,0,0.0
1,0,0,0,1,1,0,2,1,1,1,1,1,1,0,1,3,19.75,19.75,0,1,0.652
0,0,0,0,31,0,1,0,2,2,0,2,0,2,2,1,0,49.85,1520.1,0,0,0.03
0,0,1,0,1,0,1,0,0,0,0,0,0,0,0,1,2,24.8,24.8,1,1,0.71
1,0,1,0,50,1,2,1,0,0,0,2,2,2,1,0,2,99.4,5059.75,0,0,0.24
0,0,0,0,61,1,2,0,0,2,2,2,2,2,2,0,1,88.65,5321.25,0,0,0.02
1,1,1,0,11,1,0,1,0,0,0,0,0,0,0,1,2,70.2,834.7,0,1,0.54
0,0,0,0,2,1,0,0,0,0,0,0,0,0,0,0,2,45.55,84.4,0,0,0.35
0,1,0,0,64,1,2,0,0,2,2,2,0,2,0,0,1,74.65,4869.35,0,0,0.26
0,0,0,0,18,0,1,0,2,2,0,2,0,0,1,1,3,40.2,711.95,0,0,0.06
0,0,1,0,45,1,2,2,1,1,1,1,1,1,2,0,3,25.5,1121.05,0,0,0.0
1,0,1,1,31,1,2,0,0,0,0,0,0,2,0,0,0,59.7,1825.5,0,0,0.09
0,0,1,1,61,1,2,2,1,1,1,1,1,1,2,1,3,24.1,1551.6,0,0,0.0
0,1,0,0,31,1,0,1,2,0,0,0,0,0,0,1,1,73.55,2094.65,0,1,0.53
0,0,1,0,57,1,0,2,1,1,1,1,1,1,2,0,0,19.9,1115.6,0,0,0.0
0,0,1,1,28,1,2,1,0,0,0,2,0,2,1,1,2,90.45,2509.25,0,0,0.23
1,0,0,0,37,1,0,0,2,2,2,2,0,0,2,0,0,65.6,2313.8,0,0,0.09
0,0,1,0,46,1,2,1,0,2,0,2,2,2,1,1,2,103.15,4594.65,0,0,0.19
0,0,0,0,19,1,0,2,1,1,1,1,1,1,0,0,3,19.9,367.55,0,0,0.02
0,0,0,0,63,1,0,2,1,1,1,1,1,1,2,1,3,20.6,1298.7,0,0,0.02
1,0,0,1,69,1,2,0,2,2,2,2,2,0,2,1,1,79.45,5502.55,0,0,0.04
0,0,1,1,19,1,2,1,0,0,0,2,0,2,1,1,0,89.35,1686.85,0,0,0.18
0,0,1,0,31,1,0,1,0,2,0,0,0,2,0,1,0,83.85,2674.15,0,1,0.56
0,1,0,0,18,1,0,2,1,1,1,1,1,1,1,0,0,20.35,369.6,0,0,0.0
0,0,0,0,44,1,2,0,0,0,0,0,0,0,0,1,3,50.15,2139.1,0,0,0.26
1,1,1,0,1,1,0,1,0,0,0,0,0,0,0,1,2,70.3,70.3,1,1,0.553
1,0,0,0,1,1,0,1,0,0,0,0,2,2,0,1,2,89.9,89.9,1,1,0.9
0,0,0,0,11,0,1,0,0,0,0,0,2,0,0,1,3,35.8,363.15,0,0,0.48
0,0,0,0,22,1,0,2,1,1,1,1,1,1,1,0,0,20.85,450.65,0,0,0.01
1,0,1,0,23,1,2,1,0,2,2,0,0,0,0,0,2,84.25,1968.1,0,0,0.46
0,0,0,0,37,1,0,1,0,2,2,0,0,0,1,0,2,80.05,3019.1,0,0,0.07
1,0,1,0,46,0,1,0,2,0,2,2,0,0,2,0,1,40.4,1842.7,0,0,0.01
0,0,0,0,20,1,0,2,1,1,1,1,1,1,1,1,1,19.35,433.75,0,0,0.02
0,0,0,0,1,1,0,0,0,0,0,2,0,0,0,1,2,50.8,50.8,1,0,0.47
0,0,1,1,58,1,2,0,2,0,2,2,2,0,2,0,3,75.8,4415.75,0,0,0.01
0,0,1,1,71,1,2,1,2,2,2,2,0,0,1,1,1,95.15,6770.85,0,0,0.09
0,0,0,0,29,1,2,0,0,0,0,0,2,2,1,1,1,71.0,2080.1,0,0,0.1
0,0,1,0,64,1,2,0,2,2,2,2,0,2,2,1,3,81.3,5129.3,0,0,0.01
1,1,0,0,1,1,2,1,0,0,0,0,0,0,0,1,2,73.65,73.65,1,1,0.8
1,0,0,0,1,1,0,2,1,1,1,1,1,1,0,0,0,20.05,20.05,1,0,0.09
1,0,1,1,70,0,1,0,0,2,2,2,2,2,1,0,2,60.35,4138.7,0,0,0.11
1,0,0,0,13,1,0,2,1,1,1,1,1,1,1,1,3,19.95,257.0,0,0,0.0
1,0,0,0,57,0,1,0,0,2,0,0,2,0,0,1,2,39.3,2111.45,1,0,0.26
0,1,0,0,57,1,2,1,2,0,2,2,0,2,2,0,1,101.3,5779.6,0,0,0.05
0,0,1,1,6,1,0,2,1,1,1,1,1,1,2,0,3,20.1,100.35,0,0,0.0
1,1,1,0,63,0,1,0,2,0,0,2,0,0,1,0,0,36.1,2298.9,0,0,0.05
0,0,0,0,8,1,0,2,1,1,1,1,1,1,0,0,3,19.2,156.85,0,0,0.14
1,0,1,1,23,1,2,0,0,0,0,0,0,0,1,1,1,48.35,1067.15,1,0,0.03
0,0,0,0,40,1,0,0,0,0,2,0,0,0,1,1,3,50.25,2023.55,0,0,0.11
0,0,1,1,59,1,2,2,1,1,1,1,1,1,2,0,3,25.45,1534.05,0,0,0.0
0,0,0,0,18,1,0,2,1,1,1,1,1,1,1,0,3,20.1,407.05,0,0,0.0
1,0,0,0,17,1,0,1,0,2,2,0,0,2,0,1,1,90.95,1612.2,0,0,0.5
1,1,0,0,46,1,0,1,2,0,0,0,0,2,0,0,2,85.0,3969.4,1,0,0.36
0,0,1,1,16,1,0,2,1,1,1,1,1,1,0,0,2,20.4,321.4,0,0,0.04
1,0,0,0,22,1,2,1,0,0,0,0,0,2,0,0,2,83.05,1799.3,0,0,0.39
0,0,1,0,62,1,0,0,2,0,2,2,2,2,2,0,3,81.0,4985.9,0,0,0.01
1,0,1,0,56,0,1,0,0,0,2,2,2,2,1,1,0,54.05,2959.8,0,0,0.22
0,1,1,0,5,1,2,1,0,2,0,0,0,0,0,1,2,81.0,371.65,1,1,0.83
0,0,1,0,72,1,2,0,2,2,0,2,2,2,2,1,0,86.4,6058.95,0,0,0.01
0,0,0,0,9,1,0,0,0,0,0,0,0,0,0,0,2,45.15,416.45,1,0,0.26
1,0,1,0,66,1,2,1,2,2,2,2,2,2,1,0,0,115.8,7942.15,0,0,0.34
1,0,1,0,28,1,2,1,0,2,2,0,2,0,0,0,1,96.6,2684.35,0,0,0.36
0,0,1,1,56,1,0,1,0,0,0,0,2,2,1,0,0,88.9,4968.0,0,0,0.14
1,0,0,0,1,1,0,0,0,0,0,0,0,0,0,1,3,45.85,45.85,1,0,0.26
1,1,0,0,24,1,2,1,0,2,2,0,2,2,0,1,1,102.95,2496.7,1,1,0.63
0,0,0,0,51,1,0,2,1,1,1,1,1,1,2,0,0,20.65,1020.75,0,0,0.01
1,0,1,1,4,1,0,0,0,0,0,2,0,2,0,0,1,61.45,229.55,1,0,0.27
1,0,1,1,23,1,2,0,0,2,0,2,0,0,2,0,3,59.7,1414.2,0,0,0.04
0,0,1,1,30,1,0,1,0,0,2,0,0,2,1,0,2,86.45,2538.05,0,0,0.31
1,0,1,0,61,1,0,2,1,1,1,1,1,1,1,1,1,20.55,1252.0,0,0,0.03
0,0,0,0,31,1,0,2,1,1,1,1,1,1,2,0,1,20.9,689.35,0,0,0.0
1,0,0,0,1,1,0,1,0,0,0,0,0,0,0,1,2,69.6,69.6,1,1,0.998
0,0,1,1,4,1,0,2,1,1,1,1,1,1,0,0,3,20.35,76.35,1,0,0.06
1,0,0,0,14,1,0,1,0,0,2,0,0,0,0,0,2,76.45,1117.55,0,1,0.53
0,0,1,0,50,1,2,1,2,0,2,0,2,2,1,1,3,104.4,5232.9,0,0,0.33
1,0,0,0,6,1,0,1,0,0,0,0,0,0,0,1,2,69.1,435.0,0,1,0.64
0,0,0,1,15,1,0,1,0,2,0,0,0,2,0,1,0,85.9,1269.55,1,0,0.44
0,0,1,0,54,1,2,0,0,0,0,0,2,2,1,1,1,70.15,3715.65,1,0,0.14
1,1,0,0,52,1,2,1,0,2,2,2,2,2,0,1,2,110.75,5832.0,0,0,0.49
0,0,0,0,30,1,2,1,0,2,0,0,2,2,0,1,2,100.2,2983.8,1,1,0.64
1,0,1,1,3,1,0,0,0,0,2,0,0,0,0,1,2,50.15,168.15,1,1,0.56
1,0,1,1,31,1,0,0,0,0,2,2,0,0,0,0,3,54.35,1647.0,0,0,0.22
1,1,1,0,58,0,1,0,0,2,2,0,0,2,0,1,2,45.3,2651.2,1,0,0.46
0,0,1,1,72,0,1,0,0,2,2,2,2,2,2,1,2,60.0,4264.0,0,0,0.03
1,0,0,0,15,1,2,0,0,0,0,0,0,0,0,0,2,51.55,765.5,1,0,0.19
0,0,0,0,14,1,0,0,2,0,0,2,0,0,1,0,3,55.7,795.15,0,0,0.03
0,1,0,0,1,1,2,1,0,0,0,0,0,0,0,1,3,74.45,74.45,1,1,0.74
1,0,1,1,60,1,2,2,1,1,1,1,1,1,1,0,1,23.95,1506.4,0,0,0.01
1,0,1,1,21,1,0,2,1,1,1,1,1,1,1,0,3,19.8,350.1,0,0,0.0
1,1,1,0,33,1,2,1,0,2,0,0,2,2,0,1,0,100.6,3270.25,0,1,0.59
1,0,1,0,65,1,2,1,2,2,2,0,0,0,1,0,2,89.75,5769.6,1,0,0.1
1,1,1,0,67,1,0,0,2,2,0,2,0,0,1,1,0,60.95,4119.4,0,0,0.03
0,1,0,0,9,1,2,1,0,0,0,0,0,2,0,1,2,84.45,762.5,1,1,0.88
1,1,1,1,28,1,2,0,0,0,0,0,0,0,1,1,2,51.0,1381.8,0,0,0.08
0,0,1,1,32,1,2,1,0,2,0,0,2,2,0,1,2,98.85,3089.6,0,1,0.57
1,0,1,1,68,1,0,1,2,2,2,0,2,2,2,1,1,103.25,7074.4,0,0,0.05
0,0,1,0,26,1,2,0,2,2,2,2,2,2,1,1,1,90.1,2312.55,0,0,0.2
0,0,1,1,3,1,0,0,0,0,0,0,0,0,0,0,3,44.3,134.5,1,0,0.18
1,0,1,1,69,1,2,2,1,1,1,1,1,1,2,1,0,26.0,1796.55,0,0,0.01
1,0,1,0,36,1,2,1,0,0,0,0,2,2,0,1,0,95.0,3440.25,0,1,0.57
1,0,0,0,52,1,0,0,2,2,0,0,2,0,2,1,1,63.25,3342.45,0,0,0.04
0,1,1,0,34,1,0,0,0,0,2,2,2,0,1,0,0,64.2,2106.3,0,0,0.08
0,0,1,0,50,1,2,1,2,2,0,2,2,2,1,0,2,108.55,5610.7,1,0,0.39
1,1,1,0,30,1,2,0,0,0,2,0,2,2,2,0,2,74.85,2181.75,0,0,0.15
0,0,1,1,69,1,2,2,1,1,1,1,1,1,2,1,0,25.6,1673.4,0,0,0.0
0,0,1,0,4,1,2,1,0,2,0,0,2,0,0,1,2,91.65,365.4,1,1,0.78
0,0,1,1,67,1,0,1,2,2,2,0,0,0,1,0,0,84.8,5598.3,0,0,0.04
0,0,0,0,14,1,0,1,0,0,0,0,0,0,0,1,1,71.0,914.0,1,0,0.25
0,0,1,0,53,1,0,2,1,1,1,1,1,1,1,0,0,20.8,1021.8,1,0,0.0
1,1,1,0,72,1,2,1,0,2,2,2,2,2,2,1,0,109.75,7932.5,0,0,0.12
1,0,0,0,46,1,0,2,1,1,1,1,1,1,2,0,2,19.95,907.05,0,0,0.04
0,0,1,1,71,1,0,2,1,1,1,1,1,1,2,0,0,19.85,1326.35,0,0,0.0
1,0,0,0,22,1,2,1,0,2,0,0,0,0,0,1,3,78.85,1600.25,0,0,0.42
0,0,1,0,17,1,2,1,2,0,0,0,0,0,0,0,2,78.9,1348.95,0,0,0.5
1,1,0,0,32,1,2,1,0,0,0,0,2,2,0,1,1,96.15,3019.25,1,1,0.64
0,0,0,0,9,1,0,1,0,0,0,0,0,0,0,0,2,69.05,651.5,0,1,0.54
0,0,0,0,23,1,2,2,1,1,1,1,1,1,1,0,1,24.8,615.35,0,0,0.01
1,0,1,0,47,1,0,0,0,2,2,0,2,2,2,0,2,73.6,3522.65,0,0,0.07
0,0,1,1,60,1,0,0,0,2,2,2,2,2,2,1,0,80.6,4946.7,0,0,0.02
1,0,1,1,50,0,1,0,2,0,0,0,2,0,0,1,1,39.45,2021.35,0,0,0.06
0,1,1,0,66,1,2,1,0,0,2,2,2,2,1,1,1,105.95,6975.25,1,0,0.16
1,1,1,0,54,1,2,1,0,2,2,2,2,2,2,1,2,110.45,6077.75,0,0,0.34
1,0,1,1,72,1,2,2,1,1,1,1,1,1,2,0,1,24.1,1734.65,0,0,0.0
0,0,0,1,1,1,0,1,0,0,0,0,2,0,0,1,2,79.35,79.35,1,1,0.82
0,0,0,0,1,1,0,0,0,0,0,0,0,0,0,0,0,44.15,44.15,0,0,0.5
0,0,1,1,16,1,0,0,2,2,0,2,0,2,2,0,0,68.25,1114.85,0,0,0.03
0,0,0,0,34,1,2,0,0,0,0,2,2,0,0,0,3,65.0,2157.5,0,0,0.24
0,0,0,0,3,1,0,1,0,2,0,0,2,0,0,0,2,83.75,247.25,1,1,0.51
0,0,0,0,12,1,2,1,2,0,0,0,0,0,0,1,2,78.95,927.35,1,0,0.4
0,1,1,0,5,1,2,1,0,0,0,0,0,0,0,1,2,74.35,334.8,1,1,0.66
1,0,0,0,1,1,0,0,0,2,0,0,0,0,0,0,3,50.65,50.65,1,1,0.51
1,1,1,0,59,0,1,0,0,2,0,0,2,2,0,1,2,50.25,2997.45,0,1,0.58
1,0,0,0,26,1,2,1,0,0,0,2,0,0,0,1,2,80.5,2088.8,1,0,0.44
0,0,1,0,1,1,0,2,1,1,1,1,1,1,0,1,0,20.3,20.3,0,1,0.6
1,0,1,1,71,1,0,1,2,2,2,0,2,2,1,1,0,104.65,7288.4,0,0,0.09
1,0,1,1,63,1,0,2,1,1,1,1,1,1,2,1,3,19.15,1177.05,0,0,0.04
0,0,1,1,18,1,0,2,1,1,1,1,1,1,0,0,3,20.45,357.0,0,0,0.03
0,0,0,1,14,1,2,1,2,0,0,2,0,0,0,1,3,86.0,1164.05,0,0,0.48
0,0,1,1,64,1,2,1,0,2,2,0,0,2,1,1,2,92.85,5980.75,0,0,0.19
0,0,1,0,56,1,2,1,2,0,0,0,2,2,1,1,2,98.0,5270.6,0,0,0.14
1,0,0,1,26,0,1,0,0,2,0,0,2,0,1,1,0,39.95,1023.75,0,0,0.12
1,0,0,0,54,1,0,0,2,2,0,0,2,0,2,1,0,65.3,3512.9,0,0,0.04
1,0,1,0,3,1,0,0,0,0,2,2,0,0,0,1,3,55.8,154.55,0,0,0.4
0,0,0,0,2,0,1,0,0,0,0,0,0,2,0,1,2,34.7,62.25,1,1,0.86
0,0,1,0,40,1,2,1,0,0,0,2,0,0,0,1,1,78.85,3126.85,0,0,0.22
0,0,1,1,28,1,0,1,0,0,0,0,2,2,1,1,0,90.1,2598.95,1,0,0.2
1,0,1,0,22,1,0,1,2,2,0,2,2,2,0,1,2,104.6,2180.55,0,0,0.41
1,0,0,0,69,1,2,2,1,1,1,1,1,1,2,0,0,23.95,1713.1,0,0,0.0
0,0,1,1,27,1,0,0,0,2,0,0,0,0,0,0,3,49.85,1336.15,0,0,0.07
0,0,1,0,71,0,1,0,2,2,2,2,2,2,1,0,0,66.8,4689.15,0,0,0.06
0,0,1,1,62,1,0,0,2,0,2,2,2,0,1,1,0,70.75,4263.45,0,0,0.05
1,0,0,1,1,1,0,2,1,1,1,1,1,1,0,1,3,19.3,19.3,0,1,0.65
1,0,1,1,37,1,0,2,1,1,1,1,1,1,2,0,0,19.8,726.1,0,0,0.02
0,0,1,0,49,0,1,0,0,2,0,2,2,2,1,1,1,56.3,2780.6,0,0,0.11
1,1,1,0,41,0,1,0,0,2,2,0,2,2,0,1,2,53.95,2215.4,0,1,0.61
0,0,0,0,63,1,2,1,2,2,2,0,2,2,0,0,1,108.25,6780.1,0,0,0.16
0,0,1,1,17,1,2,1,0,0,2,0,2,0,0,0,2,88.25,1460.65,1,1,0.54
1,0,0,1,1,1,0,2,1,1,1,1,1,1,0,1,3,19.45,19.45,1,1,0.53
1,1,0,0,55,1,2,1,2,0,0,0,2,2,0,1,2,98.8,5617.75,1,0,0.32
0,0,1,0,22,1,0,1,0,0,0,0,0,0,0,1,2,69.25,1554.0,1,0,0.35
0,0,0,0,15,0,1,0,2,2,2,2,0,0,1,0,3,45.9,693.45,0,0,0.01
0,0,0,0,35,1,0,2,1,1,1,1,1,1,0,0,0,19.25,617.65,0,0,0.16
1,0,0,0,1,1,0,2,1,1,1,1,1,1,0,1,3,20.2,20.2,1,1,0.857
1,0,0,0,69,0,1,0,0,2,2,0,0,0,1,1,0,35.75,2492.25,0,0,0.12
0,0,1,0,63,1,2,1,0,2,0,0,0,0,0,1,0,81.55,5029.05,0,0,0.24
0,0,1,0,58,1,2,1,0,2,2,0,0,2,1,1,2,94.3,5610.15,0,0,0.23
1,0,0,0,66,1,2,2,1,1,1,1,1,1,1,0,0,25.45,1699.15,0,0,0.07
0,0,1,1,43,1,2,1,0,0,2,0,2,2,0,1,0,99.3,4209.95,0,0,0.35
0,0,1,1,26,0,1,0,2,2,0,2,0,0,0,0,1,38.85,1025.15,0,0,0.26
1,0,1,1,56,1,2,1,0,0,2,2,2,2,2,1,2,103.2,5873.75,0,0,0.21
1,1,0,0,68,1,2,1,0,2,2,0,0,2,0,1,2,95.9,6503.2,0,0,0.3
0,0,1,1,18,1,0,0,0,0,0,0,2,0,0,0,3,55.95,1082.8,0,0,0.16
0,0,1,0,34,1,2,0,2,2,0,2,0,0,0,0,2,62.65,2274.9,1,0,0.02
1,1,1,0,38,0,1,0,0,0,0,0,0,0,0,1,2,24.85,955.75,0,0,0.34
1,0,1,1,2,1,0,0,2,2,0,2,0,0,2,0,3,59.5,130.5,0,0,0.25
1,0,1,1,20,0,1,0,2,0,2,2,0,0,2,1,1,39.4,825.4,0,0,0.03
1,0,1,0,64,1,2,0,0,2,0,2,0,2,1,1,3,70.15,4480.7,0,0,0.05
1,1,0,1,56,1,0,1,2,0,0,0,2,2,1,0,1,94.8,5264.3,0,0,0.18
0,0,0,0,68,1,0,2,1,1,1,1,1,1,2,0,1,20.5,1424.9,0,0,0.0
1,0,1,0,17,1,2,1,0,2,2,0,2,2,0,1,2,102.55,1742.5,0,1,0.68
1,0,1,1,46,1,0,2,1,1,1,1,1,1,2,0,1,19.95,862.4,0,0,0.01
0,1,0,0,28,1,2,1,0,2,2,0,2,2,0,1,2,106.15,3152.5,1,0,0.45
1,0,1,1,2,1,2,0,2,0,0,0,0,0,0,0,3,56.7,113.55,1,0,0.27
1,0,0,0,65,1,2,1,0,2,2,2,2,2,0,1,2,109.15,6941.2,1,0,0.13
1,0,1,1,17,1,0,1,2,0,2,0,2,0,0,1,2,89.4,1539.45,1,0,0.33
1,1,0,0,51,1,0,1,0,0,2,0,2,2,1,1,0,94.0,4905.75,0,0,0.19
1,0,0,0,60,1,2,1,0,2,0,0,2,0,0,1,0,89.9,5450.7,0,0,0.39
1,0,1,0,16,1,2,1,0,0,0,0,0,0,0,1,0,73.85,1284.2,1,0,0.47
1,1,1,0,24,1,2,1,2,0,0,0,0,0,0,1,2,78.85,1772.25,1,0,0.45
1,0,0,0,1,1,0,0,0,0,0,0,0,2,0,1,3,55.7,55.7,1,1,0.52
0,0,0,0,71,1,0,0,2,2,2,2,2,0,2,0,1,77.35,5550.1,0,0,0.03
0,0,1,1,53,1,2,1,2,2,2,2,0,2,2,1,0,104.05,5566.4,0,0,0.16
0,0,0,0,18,1,2,0,2,0,2,0,0,0,0,1,3,60.6,1156.35,0,0,0.29
0,0,0,1,67,1,2,1,0,2,0,2,2,2,1,1,0,106.6,7244.7,0,0,0.09
0,1,0,0,4,1,2,1,0,0,0,0,2,2,0,1,2,94.3,424.45,1,1,0.97
1,0,0,0,10,0,1,0,0,0,2,0,0,0,0,0,3,29.5,255.25,1,0,0.35
1,0,1,1,43,1,2,2,1,1,1,1,1,1,2,0,3,24.25,1077.95,0,0,0.0
0,0,1,0,43,1,2,1,0,2,0,0,0,0,0,0,2,80.45,3398.9,0,0,0.31
0,0,0,0,60,0,1,0,2,0,2,0,2,2,2,0,2,53.6,3237.05,0,0,0.06
1,0,0,0,1,1,0,1,0,0,0,2,0,0,0,1,2,75.9,75.9,1,1,0.56
1,0,0,0,7,1,2,1,0,0,2,0,2,0,0,1,2,90.45,593.45,1,1,0.79
0,0,0,0,21,1,0,1,0,2,2,0,0,2,0,1,2,90.05,1862.9,0,0,0.46
1,1,0,1,1,1,0,0,0,0,2,0,0,0,0,1,3,50.15,50.15,1,1,0.51
1,0,0,0,5,1,0,1,0,2,0,0,0,0,0,1,2,74.65,383.65,0,1,0.64
0,0,1,1,36,1,2,0,2,2,2,2,2,2,2,1,1,92.9,3379.25,0,0,0.02
1,1,1,0,53,1,2,0,2,0,0,2,0,0,1,1,2,60.05,3229.65,1,0,0.01
0,1,1,0,1,1,2,1,0,0,0,0,0,0,0,1,2,74.45,74.45,1,1,0.85
0,0,0,0,53,1,0,1,0,2,2,2,0,2,1,1,1,94.45,5042.75,0,0,0.12
0,0,1,0,50,1,2,0,0,0,2,0,2,2,1,0,0,75.7,3876.2,0,0,0.06
1,0,1,0,66,1,2,1,0,2,0,2,2,2,1,1,2,104.05,6890.0,1,0,0.22
0,0,1,1,54,1,2,0,0,2,2,0,0,0,2,1,0,59.8,3246.45,0,0,0.02
0,0,1,1,28,1,0,2,1,1,1,1,1,1,0,1,0,19.55,543.8,0,0,0.13
0,0,0,0,4,1,0,0,0,0,0,0,0,0,0,1,3,45.3,196.95,1,0,0.28
0,0,0,0,41,1,2,1,2,2,2,2,2,2,0,1,0,114.5,4527.45,1,0,0.5
0,0,1,1,30,1,0,0,2,0,0,2,0,2,0,0,0,66.3,1923.5,0,0,0.1
0,1,0,0,1,0,1,0,0,0,0,0,0,0,0,1,2,25.2,25.2,1,1,0.92
1,0,1,0,54,1,2,1,2,2,2,0,2,2,0,0,2,109.55,6118.95,0,0,0.35
1,0,1,1,8,1,0,2,1,1,1,1,1,1,2,0,1,19.6,125.0,0,0,0.01
1,1,1,0,55,1,2,1,0,2,2,2,2,2,2,1,2,113.6,6292.7,0,0,0.39
0,0,0,1,63,1,0,2,1,1,1,1,1,1,2,0,1,19.5,1215.1,0,0,0.01
1,0,0,0,68,1,0,1,0,2,2,0,0,0,1,0,1,79.6,5461.45,0,0,0.09
0,0,1,1,2,1,0,1,0,0,0,0,0,0,0,1,2,71.65,135.75,0,1,0.57
1,0,0,0,6,1,0,2,1,1,1,1,1,1,1,0,3,20.6,116.6,0,0,0.01
0,0,0,0,13,1,2,1,0,0,0,0,0,0,0,1,3,75.0,999.45,1,0,0.45
1,0,0,0,72,1,0,0,2,2,2,2,2,0,2,1,0,75.1,5336.35,0,0,0.0
1,0,1,0,17,1,0,1,0,0,2,0,2,2,1,1,0,96.65,1588.25,0,0,0.28
1,1,0,0,15,1,0,1,0,2,0,0,0,0,0,1,2,74.4,1074.3,1,1,0.74
0,1,0,0,65,1,2,1,0,2,2,0,2,0,0,1,0,95.45,6223.3,0,0,0.43
1,0,0,0,58,1,0,2,1,1,1,1,1,1,2,0,1,20.3,1131.5,0,0,0.0
1,1,1,1,68,1,2,1,0,2,2,0,0,0,0,1,2,84.65,5683.6,0,0,0.49
0,0,1,1,66,1,0,0,2,2,0,2,0,0,2,1,1,58.2,3810.8,0,0,0.05
0,1,1,0,70,1,2,1,2,0,0,0,0,2,0,1,2,90.85,6470.1,0,0,0.26
0,0,0,0,19,0,1,0,0,2,0,0,0,2,0,1,2,39.7,710.05,0,0,0.26
1,0,1,0,17,0,1,0,0,0,2,2,2,2,1,0,2,54.6,934.8,0,0,0.24
1,0,0,0,22,1,2,1,2,0,0,0,2,2,0,1,2,100.75,2095.0,1,1,0.66
1,1,0,0,48,1,2,1,0,2,0,0,2,2,1,1,2,99.0,4744.35,0,0,0.31
1,0,0,0,63,1,2,1,0,2,0,0,0,2,1,0,1,90.45,5825.5,0,0,0.13
1,0,1,0,67,1,2,1,0,2,2,0,0,2,2,1,2,93.15,6368.2,0,0,0.13
0,1,1,0,67,1,2,1,2,0,2,0,2,2,1,1,1,107.05,7142.5,0,0,0.18
0,0,1,0,67,1,2,2,1,1,1,1,1,1,2,1,1,25.25,1733.15,0,0,0.0
0,0,0,0,4,1,2,1,0,0,0,2,2,2,0,1,3,100.85,399.25,0,1,0.83
1,0,1,0,40,1,2,0,0,2,0,2,2,0,1,0,1,70.75,2921.75,0,0,0.05
1,0,0,0,5,1,2,1,0,2,2,0,2,2,0,0,3,104.1,541.9,1,0,0.31
1,0,0,0,30,1,2,1,0,0,0,2,0,2,0,1,1,89.9,2723.15,0,0,0.44
0,0,0,0,70,1,2,1,2,2,2,2,2,2,1,0,1,115.55,8127.6,1,0,0.21
0,0,1,1,72,1,2,2,1,1,1,1,1,1,2,0,3,24.9,1859.2,0,0,0.0
0,0,0,0,1,1,0,0,0,2,0,0,0,0,0,1,2,48.6,48.6,0,0,0.38
1,0,0,0,1,1,0,1,0,0,0,0,2,2,0,1,2,88.35,88.35,1,1,0.93
0,1,0,0,59,1,2,1,0,2,0,0,0,0,2,1,1,79.2,4590.35,0,0,0.14
0,0,1,1,68,1,2,1,0,0,0,0,2,0,1,1,2,83.0,5685.8,1,0,0.22
0,0,1,0,53,1,0,1,2,2,2,0,2,2,1,1,0,106.1,5769.75,1,0,0.33
0,1,0,0,8,1,0,1,0,0,2,0,0,0,0,1,0,74.05,600.15,0,1,0.51
0,0,0,0,7,1,0,0,2,2,0,2,2,2,0,1,2,78.5,571.05,0,0,0.38
0,0,0,0,2,1,0,2,1,1,1,1,1,1,0,0,3,19.4,61.05,0,0,0.07
1,0,1,0,47,1,0,2,1,1,1,1,1,1,1,0,0,19.9,942.95,0,0,0.01
0,0,1,0,2,1,0,1,2,2,0,0,2,0,0,0,2,90.35,190.5,0,0,0.23
0,0,1,1,51,1,2,1,0,0,0,2,0,0,0,1,2,80.75,4116.9,0,0,0.25
1,0,0,0,18,1,0,0,2,0,2,2,2,0,0,1,2,68.35,1299.8,0,0,0.2
1,0,0,0,33,1,0,2,1,1,1,1,1,1,2,0,3,20.35,689.75,0,0,0.0
0,0,0,0,60,1,2,2,1,1,1,1,1,1,2,0,3,25.0,1505.05,0,0,0.0
0,0,0,0,72,1,2,1,2,2,2,2,2,2,2,1,2,114.9,8496.7,0,0,0.0
0,0,0,0,1,1,0,0,2,0,0,0,0,0,0,1,0,48.45,48.45,0,1,0.68
1,0,1,1,48,1,2,2,1,1,1,1,1,1,2,0,0,26.3,1245.05,0,0,0.01
1,0,1,1,7,0,1,0,2,0,0,2,0,0,0,1,2,34.5,279.25,1,0,0.25
1,0,0,0,53,1,2,2,1,1,1,1,1,1,2,0,3,24.6,1279.0,0,0,0.02
1,1,1,0,46,0,1,0,0,2,2,2,2,2,1,1,0,59.9,2816.65,1,0,0.17
0,0,0,0,11,1,0,0,2,0,0,2,0,0,1,1,3,54.6,617.85,0,0,0.06
1,1,1,0,2,1,0,1,0,0,2,0,2,2,0,1,1,95.5,181.65,0,1,0.82
0,0,1,0,58,1,2,1,2,2,2,0,2,2,1,1,1,110.65,6526.65,0,0,0.23
0,0,0,0,2,1,0,2,1,1,1,1,1,1,0,0,3,19.95,38.15,0,0,0.0
1,0,1,1,70,0,1,0,2,0,2,2,2,2,2,0,0,59.5,4144.8,0,0,0.0
0,0,1,1,7,1,0,0,2,2,2,0,2,0,1,0,2,69.45,477.05,0,0,0.21
1,0,1,0,72,1,2,1,2,2,2,2,2,2,2,1,1,114.1,8086.4,0,0,0.01
1,0,1,0,56,1,0,1,0,0,0,0,2,2,0,0,3,89.7,4952.95,0,0,0.26
0,0,1,0,72,1,2,1,2,2,2,2,0,0,2,1,0,94.25,6849.75,0,0,0.06
0,0,0,0,42,1,2,0,0,0,2,2,2,2,2,1,1,78.45,3373.4,0,0,0.03
0,1,0,0,43,1,0,1,2,2,0,2,2,2,0,1,1,108.15,4600.7,1,0,0.33
1,0,0,0,18,1,0,2,1,1,1,1,1,1,0,0,3,20.05,358.5,0,0,0.02
1,0,0,0,30,1,0,1,2,2,2,0,0,0,0,1,1,84.3,2438.6,0,0,0.35
1,0,1,1,25,1,2,0,0,0,0,2,0,0,1,1,3,55.1,1466.1,0,0,0.11
1,0,0,0,9,1,0,1,0,0,0,2,2,2,0,1,0,95.9,827.45,0,0,0.44
1,0,0,1,71,1,2,1,2,0,2,0,2,2,2,0,0,106.7,7382.25,0,0,0.18
1,0,1,1,71,1,2,0,2,2,0,2,0,0,1,1,1,66.85,4748.7,0,0,0.03
0,0,1,0,71,1,0,0,2,2,2,2,2,2,1,1,0,84.8,6046.1,0,0,0.09
0,0,1,1,58,1,2,0,0,2,0,0,2,0,0,1,0,66.8,3970.4,0,0,0.09
0,0,0,1,61,1,2,2,1,1,1,1,1,1,2,1,1,25.0,1498.35,0,0,0.0
0,0,0,0,22,1,2,1,0,0,0,0,2,0,0,1,0,84.15,1821.95,0,0,0.38
1,0,1,1,20,1,0,0,0,0,2,0,0,0,0,1,2,49.6,939.8,0,0,0.19
1,0,0,0,26,1,0,2,1,1,1,1,1,1,1,1,1,20.65,595.5,0,0,0.01
1,0,1,1,30,1,2,1,0,2,0,2,0,0,0,1,0,83.55,2570.2,0,0,0.26
1,0,1,1,2,1,0,1,0,0,0,0,2,2,0,1,0,89.55,185.55,1,1,0.59
0,1,1,0,55,1,2,0,0,0,0,0,0,0,0,0,0,51.65,2838.55,0,0,0.23
1,0,1,0,69,0,1,0,2,0,2,2,2,2,2,0,0,60.25,4055.5,0,0,0.01
0,1,1,0,1,1,0,1,0,0,0,0,0,0,0,1,2,69.55,69.55,1,1,0.94
0,0,1,1,52,1,2,2,1,1,1,1,1,1,2,1,0,25.05,1270.25,0,0,0.01
0,0,0,0,3,1,0,1,0,2,0,2,2,2,0,1,2,97.9,315.3,1,1,0.64
1,0,1,1,43,1,0,2,1,1,1,1,1,1,1,1,3,19.2,776.25,0,0,0.02
1,1,1,0,17,1,2,1,0,0,2,0,2,2,0,1,1,100.45,1622.45,1,1,0.65
1,0,0,0,26,1,0,0,0,0,0,2,2,0,1,0,1,59.45,1507.0,0,0,0.07
0,0,1,0,9,1,0,1,0,0,0,0,2,2,0,0,2,89.45,853.1,1,1,0.71
0,0,0,0,45,1,2,1,0,0,2,0,0,2,0,1,1,89.3,4192.15,0,0,0.49
0,1,0,0,45,1,2,1,0,0,2,0,2,2,1,1,0,102.15,4735.35,0,0,0.17
0,0,0,0,33,1,2,0,2,0,0,2,0,0,1,0,2,59.4,1952.8,0,0,0.03
0,0,1,0,53,1,2,1,0,2,2,2,2,2,1,1,0,108.95,5718.2,0,0,0.09
0,1,1,1,65,1,2,1,0,0,2,2,2,2,1,1,0,103.9,6767.1,0,0,0.03
1,0,0,0,43,1,2,1,0,0,0,2,2,2,1,1,2,100.0,4211.55,1,0,0.11
0,0,1,0,10,1,0,0,0,0,2,0,2,2,0,1,1,67.8,653.15,0,0,0.2
1,0,1,1,52,1,0,2,1,1,1,1,1,1,1,1,1,20.85,1071.6,0,0,0.03
1,0,0,0,11,1,2,0,0,0,2,0,0,0,0,0,2,53.75,608.0,1,0,0.16
0,1,0,0,27,1,2,1,0,0,0,0,0,2,0,1,2,85.25,2287.25,1,1,0.57
1,0,0,0,24,1,0,1,0,0,0,0,2,2,0,1,2,90.35,2238.5,1,0,0.47
1,0,0,0,1,1,0,1,0,0,0,0,0,2,0,1,2,79.25,79.25,1,1,0.94
0,0,0,0,65,1,2,1,2,2,2,0,2,2,0,1,1,111.05,7107.0,0,0,0.04
0,0,0,0,1,1,0,1,0,0,2,0,0,0,0,0,2,75.55,75.55,0,1,0.93
0,0,1,0,68,1,2,1,2,2,2,2,2,2,2,0,3,118.6,7990.05,0,0,0.17
1,1,1,0,15,1,2,1,2,0,2,0,2,0,0,1,2,96.5,1392.25,0,1,0.59
1,0,0,0,36,1,0,0,0,2,0,2,0,2,1,1,3,65.4,2498.4,1,0,0.12
1,0,0,0,4,1,0,0,0,0,0,0,0,0,0,0,3,44.55,220.75,0,0,0.39
0,0,0,0,46,1,2,1,0,2,2,0,0,2,1,1,2,94.15,4408.45,0,0,0.09
1,0,1,0,18,1,0,0,0,0,2,0,0,0,0,1,3,49.55,878.35,1,0,0.14
1,1,1,1,35,1,0,0,0,2,0,2,2,2,0,1,2,76.05,2747.2,0,0,0.17
0,0,1,1,47,1,0,2,1,1,1,1,1,1,2,0,0,19.3,890.5,0,0,0.0
0,0,1,1,42,1,0,1,0,0,2,0,2,2,0,1,2,92.15,3875.4,0,0,0.38
0,0,0,0,1,1,0,2,1,1,1,1,1,1,0,0,3,19.75,19.75,0,0,0.088
0,0,0,0,61,1,2,0,2,0,2,2,2,2,2,0,1,86.45,5175.3,0,0,0.03
0,0,0,0,72,1,0,0,2,2,2,2,0,2,2,1,1,73.0,5265.2,0,0,0.06
0,0,1,0,15,1,0,2,1,1,1,1,1,1,0,0,1,20.45,330.8,0,0,0.12
1,0,0,0,4,1,0,0,0,0,2,2,2,2,0,1,2,74.4,299.7,1,0,0.46
0,0,0,0,11,1,0,2,1,1,1,1,1,1,1,0,3,20.0,211.95,0,0,0.01
0,0,0,0,18,1,0,1,0,0,0,0,0,0,0,1,2,71.1,1247.75,0,0,0.26
0,0,1,0,62,1,2,1,0,0,2,0,2,2,0,1,2,101.35,6164.7,0,0,0.32
0,0,1,0,2,1,0,1,0,0,0,0,0,0,0,1,1,70.4,154.8,0,1,0.55
0,1,1,0,25,1,0,1,0,2,2,0,0,2,0,0,0,88.4,2191.15,0,0,0.43
1,0,0,0,15,1,2,1,2,0,0,0,2,2,0,1,2,99.7,1566.75,0,1,0.84
1,0,0,0,72,1,2,0,0,2,2,2,2,2,2,1,0,88.6,6201.95,0,0,0.03
1,0,0,0,21,1,0,0,2,0,2,0,2,0,0,0,0,65.35,1424.4,0,0,0.19
0,0,1,0,69,1,2,2,1,1,1,1,1,1,2,0,0,24.25,1641.8,0,0,0.0
0,0,1,0,48,1,0,1,0,0,2,2,2,2,0,1,1,100.05,4834.0,0,0,0.31
1,0,1,1,32,0,1,0,0,0,2,0,2,2,0,0,1,50.6,1653.45,0,0,0.16
1,0,1,1,7,1,0,0,2,0,0,0,2,2,0,0,1,69.7,516.15,0,0,0.29
0,0,1,0,57,1,2,0,0,2,2,2,2,0,1,0,0,74.6,4368.95,0,0,0.01
0,0,0,1,18,1,0,2,1,1,1,1,1,1,1,0,0,20.15,390.85,1,0,0.0
1,0,0,0,10,0,1,0,0,2,0,2,0,0,0,0,2,35.75,389.8,0,0,0.04
0,0,0,0,2,1,2,1,0,0,2,0,0,0,0,0,3,80.6,155.8,1,1,0.67
1,0,0,0,1,1,0,1,0,0,0,2,0,0,0,1,3,74.3,74.3,0,1,0.51
0,1,0,0,52,1,2,0,2,0,2,0,0,0,2,0,0,59.85,3103.25,0,0,0.07
0,0,0,0,11,1,2,1,0,0,0,2,2,0,0,0,2,90.15,987.95,1,1,0.58
0,0,1,0,58,1,2,0,0,2,0,2,0,0,2,1,1,59.9,3505.1,0,0,0.01
0,1,1,0,32,1,2,1,0,0,0,0,2,2,0,1,2,93.2,2931.0,1,1,0.7
0,0,1,1,3,1,2,0,0,2,2,0,2,0,0,1,0,69.15,235.0,0,0,0.45
1,0,1,0,66,1,2,1,0,2,2,0,2,2,0,1,1,105.0,7133.25,1,1,0.52
1,0,0,0,12,1,2,1,0,0,0,0,2,2,0,1,2,96.05,1148.1,1,1,0.79
1,0,0,0,19,0,1,0,0,0,2,0,2,0,0,1,2,39.65,733.35,1,0,0.47
1,0,1,1,69,1,2,1,0,2,2,0,2,0,1,0,1,95.75,6511.25,0,0,0.15
1,0,0,0,10,1,0,2,1,1,1,1,1,1,0,0,1,20.0,198.7,0,0,0.05
0,1,1,1,32,1,2,1,0,2,0,0,2,2,0,1,2,100.4,3217.65,0,1,0.63
1,0,0,0,10,1,0,0,0,0,0,0,0,0,0,1,2,45.55,402.6,1,0,0.44
1,0,1,0,64,1,2,0,0,2,2,2,2,0,2,1,0,76.1,4818.8,0,0,0.03
1,0,1,1,4,0,1,0,2,0,0,0,2,0,0,0,1,38.55,156.1,0,0,0.47
1,0,1,1,36,1,0,2,1,1,1,1,1,1,2,0,1,19.45,754.5,0,0,0.0
1,0,1,1,8,1,0,0,0,0,2,0,0,0,0,1,2,51.05,415.05,1,0,0.31
1,0,0,0,32,1,0,1,0,0,0,0,2,2,0,0,2,91.05,2871.5,0,0,0.21
0,0,1,1,2,0,1,0,0,0,0,0,0,0,0,1,3,24.4,36.55,1,0,0.45
0,0,1,1,18,1,2,2,1,1,1,1,1,1,2,1,1,24.65,471.35,0,0,0.0
0,0,1,1,52,1,0,2,1,1,1,1,1,1,2,0,0,20.1,1078.75,0,0,0.01
0,0,1,0,24,1,2,0,2,2,2,0,0,0,0,0,3,66.3,1559.45,0,0,0.31
1,0,0,0,1,1,0,0,0,0,0,0,0,2,0,1,2,55.25,55.25,0,1,0.79
1,0,0,0,7,1,0,2,1,1,1,1,1,1,0,1,3,19.4,168.65,0,0,0.16
0,1,0,0,8,1,2,1,0,0,0,2,2,2,0,1,1,100.15,908.55,0,1,0.85
0,0,1,1,14,1,0,1,0,0,0,0,0,0,0,0,2,70.2,1046.5,0,0,0.43
1,0,0,0,13,1,0,2,1,1,1,1,1,1,1,0,1,19.3,259.65,0,0,0.03
1,0,1,1,40,1,2,1,2,2,0,2,2,2,0,1,1,110.1,4469.1,0,0,0.42
0,0,1,0,63,1,0,1,2,0,2,0,0,0,1,1,1,81.15,5224.5,0,0,0.02
1,0,1,0,17,1,2,1,0,2,0,0,0,0,0,1,0,80.5,1336.9,0,1,0.56
0,0,1,0,19,1,2,1,0,0,0,0,2,0,0,1,2,86.85,1564.4,0,1,0.76
0,0,0,0,12,1,0,0,0,0,0,0,0,0,0,1,2,45.05,523.1,0,0,0.32
0,0,1,1,43,1,2,2,1,1,1,1,1,1,1,1,0,24.45,993.15,0,0,0.0
0,0,0,0,18,1,2,1,0,2,0,0,2,0,0,1,1,90.0,1527.35,1,1,0.59
1,0,0,0,35,1,2,2,1,1,1,1,1,1,0,1,2,25.6,901.25,0,0,0.04
0,0,1,1,42,1,2,1,0,0,0,0,2,2,0,1,2,94.2,4186.3,1,0,0.46
0,0,0,0,61,1,2,0,2,2,2,2,2,2,2,0,2,89.65,5308.7,0,0,0.02
0,0,0,0,39,1,0,1,2,0,2,2,2,0,1,1,2,95.55,3692.85,1,0,0.11
1,0,0,0,21,1,2,1,0,2,0,0,0,0,0,1,2,82.35,1852.85,1,1,0.67
1,0,0,1,1,1,0,2,1,1,1,1,1,1,0,0,3,20.75,20.75,0,0,0.216
0,0,1,1,58,0,1,0,2,0,2,2,2,2,2,0,3,59.75,3624.35,0,0,0.03
1,0,0,1,1,1,0,2,1,1,1,1,1,1,0,1,3,20.25,20.25,0,1,0.508
1,0,0,0,53,1,0,2,1,1,1,1,1,1,2,0,1,19.5,1050.5,0,0,0.14
0,0,0,0,25,1,2,2,1,1,1,1,1,1,2,0,1,24.75,692.1,1,0,0.01
0,0,1,0,64,1,2,0,0,0,2,2,0,0,1,0,0,58.35,3756.45,0,0,0.04
0,0,0,0,1,1,2,0,0,0,0,0,0,2,0,1,2,60.15,60.15,1,1,0.68
1,1,0,0,4,1,0,1,0,0,0,0,0,0,0,0,2,69.35,261.65,0,0,0.41
0,0,1,1,5,0,1,0,0,2,0,0,0,0,0,1,2,30.5,167.2,0,0,0.47
0,0,1,0,44,1,2,1,2,2,2,2,0,0,0,1,1,95.1,4060.55,0,0,0.1
1,0,0,0,31,1,2,1,0,2,2,0,2,2,1,1,2,103.45,3066.45,1,0,0.16
0,0,0,0,2,1,0,1,0,2,0,0,2,0,0,1,0,87.15,183.75,1,1,0.59
1,0,1,1,71,1,2,1,2,2,2,2,2,2,2,1,0,116.05,8297.5,0,0,0.01
0,0,1,1,72,1,0,0,2,2,2,2,2,2,2,0,0,85.3,6129.2,0,0,0.0
0,0,1,1,56,1,2,0,2,2,0,0,0,2,1,0,0,68.75,3815.4,0,0,0.05
1,0,1,0,24,1,0,2,1,1,1,1,1,1,1,0,3,20.1,533.9,0,0,0.0
0,0,0,0,22,1,0,0,2,0,0,0,0,0,0,1,2,49.8,1049.05,0,1,0.72
1,0,1,0,33,1,2,0,2,2,2,0,2,0,0,1,0,72.75,2447.45,0,0,0.13
1,0,0,0,54,1,2,0,2,0,2,2,2,2,2,0,0,87.1,4735.2,0,0,0.06
1,0,1,1,26,1,0,2,1,1,1,1,1,1,1,1,0,20.05,505.9,0,0,0.0
1,0,0,0,18,1,2,0,2,0,2,0,2,0,0,0,3,69.5,1199.4,0,0,0.18
0,1,0,0,1,0,1,0,0,0,0,0,2,0,0,1,2,36.45,36.45,1,1,0.96
0,0,0,0,16,1,2,1,0,0,0,0,0,0,0,0,2,72.65,1194.3,1,0,0.37
1,0,0,0,1,1,0,0,2,0,0,0,0,0,0,0,2,49.75,49.75,0,0,0.23
1,0,0,1,27,1,0,2,1,1,1,1,1,1,2,0,1,19.7,509.3,0,0,0.01
0,0,1,0,16,1,2,1,0,2,0,0,2,2,0,1,2,100.0,1534.75,1,1,0.74
1,0,0,0,35,1,2,0,2,0,0,0,0,0,2,0,3,55.25,1924.1,0,0,0.0
0,0,1,1,36,1,2,1,0,2,2,0,2,0,0,1,0,97.35,3457.9,1,0,0.19
1,1,1,0,37,1,2,1,0,0,0,0,2,2,0,1,2,92.5,3473.4,1,1,0.61
1,1,1,0,50,1,2,1,2,2,2,0,2,0,1,1,0,101.9,5265.5,0,0,0.15
1,0,0,1,29,0,1,0,2,2,2,2,0,0,0,1,3,45.0,1242.45,0,0,0.1
0,1,0,0,1,1,0,1,0,0,0,0,0,0,0,1,2,69.25,69.25,1,1,0.99
0,1,0,0,56,1,2,0,2,0,2,2,0,2,2,0,0,73.25,4054.2,0,0,0.01
0,1,0,0,5,1,2,1,0,0,0,0,2,0,0,1,1,83.15,446.05,1,1,0.79
0,0,1,1,20,1,2,0,2,0,0,0,2,2,1,0,0,76.0,1588.75,0,0,0.07
0,0,1,0,33,1,0,2,1,1,1,1,1,1,0,0,3,20.05,669.45,0,0,0.05
1,0,0,0,54,0,1,0,2,2,0,0,0,2,2,0,0,46.2,2431.95,0,0,0.04
1,0,1,0,62,1,0,0,0,2,2,2,0,0,2,1,1,60.15,3753.2,0,0,0.04
1,0,0,0,67,1,0,2,1,1,1,1,1,1,2,1,3,19.8,1311.3,0,0,0.05
1,1,1,0,72,0,1,0,2,2,2,2,2,2,2,1,1,64.45,4641.1,0,0,0.0
1,0,1,1,69,1,2,2,1,1,1,1,1,1,2,0,0,24.45,1718.2,0,0,0.0
0,0,0,1,49,1,0,2,1,1,1,1,1,1,2,0,1,20.45,1024.65,0,0,0.0
1,1,0,0,35,1,0,0,0,0,2,2,2,2,1,1,2,73.0,2471.25,0,0,0.27
0,0,1,1,69,1,2,1,0,2,2,0,2,2,0,1,2,103.95,7446.9,1,1,0.59
0,1,0,0,41,1,2,1,2,2,2,0,2,2,0,1,2,113.2,4689.5,1,0,0.44
0,0,0,0,58,1,2,0,2,2,2,2,0,0,1,1,1,71.1,4299.2,0,0,0.02
1,0,1,1,1,1,0,1,0,0,0,0,0,0,0,1,3,70.65,70.65,1,1,0.8
1,0,0,0,12,1,0,2,1,1,1,1,1,1,0,0,1,20.05,265.45,0,0,0.12
1,0,0,1,66,1,0,2,1,1,1,1,1,1,2,0,3,20.55,1357.1,0,0,0.01
0,1,0,0,7,1,0,0,0,2,0,0,0,0,0,1,3,51.3,419.35,0,0,0.19
0,1,1,0,54,1,2,1,2,2,2,2,2,2,1,1,0,115.6,6431.05,0,0,0.26
1,0,1,1,72,1,0,2,1,1,1,1,1,1,2,0,0,19.95,1322.85,0,0,0.0
1,0,1,0,42,1,2,1,0,0,2,2,2,2,0,1,0,106.15,4512.7,1,1,0.57
0,0,1,0,2,1,0,1,2,0,0,0,0,0,0,1,2,74.4,139.4,1,1,0.52
1,0,0,0,10,1,0,0,0,0,0,0,0,0,0,0,3,46.0,492.1,0,0,0.23
0,0,1,0,58,1,2,1,2,2,2,0,2,2,2,1,0,109.45,6144.55,1,0,0.26
0,0,1,1,9,1,0,0,2,0,0,0,0,0,1,0,3,48.6,422.3,0,0,0.12
0,0,0,0,32,1,2,1,0,0,0,0,2,0,1,0,2,84.05,2781.85,1,0,0.08
0,0,0,0,6,1,0,2,1,1,1,1,1,1,0,1,3,20.95,109.5,0,0,0.13
1,1,1,0,50,1,2,1,2,0,2,0,2,2,2,1,1,105.05,5163.3,0,0,0.25
1,0,1,1,57,1,0,2,1,1,1,1,1,1,2,0,3,20.75,1123.15,0,0,0.0
0,0,0,0,48,1,2,2,1,1,1,1,1,1,1,0,1,25.05,1171.5,0,0,0.01
0,0,0,0,56,1,0,1,0,2,0,0,0,0,0,1,2,73.85,4092.85,1,0,0.37
0,0,0,0,67,1,2,1,2,2,2,0,2,0,0,1,1,102.95,6886.25,1,0,0.22
1,0,0,0,69,0,1,0,2,2,0,2,2,2,2,1,0,60.05,4176.7,0,0,0.01
0,0,0,0,23,1,2,1,0,2,0,0,0,0,0,1,2,79.15,1676.95,1,1,0.62
1,0,1,1,5,1,0,2,1,1,1,1,1,1,1,0,3,20.1,85.1,0,0,0.0
1,1,1,0,25,1,2,1,2,0,0,0,0,2,1,1,2,89.05,2177.45,1,0,0.08
1,0,0,0,8,1,2,1,0,2,0,0,2,2,0,0,2,100.85,819.55,1,1,0.57
1,0,0,0,1,1,2,1,0,0,0,0,0,0,0,1,3,74.25,74.25,1,1,0.83
0,0,0,0,4,1,2,1,0,0,0,0,0,0,0,0,2,75.35,338.1,1,1,0.67
0,0,1,1,55,1,2,0,2,2,0,2,2,0,1,1,1,75.0,4213.9,0,0,0.02
0,1,1,0,1,1,0,0,2,0,0,0,0,0,0,1,2,49.55,49.55,1,1,0.56
0,0,0,0,42,1,0,2,1,1,1,1,1,1,1,1,3,20.65,958.1,0,0,0.02
1,0,1,0,40,1,0,1,0,2,2,0,0,0,0,1,2,80.0,3168.75,0,0,0.42
1,0,1,0,10,1,0,2,1,1,1,1,1,1,1,0,0,19.6,189.45,0,0,0.02
1,1,0,0,1,1,2,1,0,0,2,0,2,0,0,1,2,88.8,88.8,1,1,0.92
0,0,0,0,15,1,0,0,2,2,2,2,2,2,0,0,3,84.45,1287.85,0,0,0.25
0,1,1,0,26,1,0,0,0,0,2,0,0,2,1,0,3,60.7,1597.4,0,0,0.1
0,0,1,0,70,1,2,1,0,2,2,2,2,2,1,1,2,109.5,7674.55,1,0,0.3
0,0,1,1,46,1,0,2,1,1,1,1,1,1,2,1,3,19.95,927.1,0,0,0.01
0,0,0,0,12,1,0,0,0,2,0,0,0,0,0,1,2,49.4,611.65,0,0,0.13
1,0,1,1,13,1,2,1,0,0,0,0,0,0,0,1,1,74.4,896.75,1,1,0.61
0,0,0,0,12,1,0,1,2,0,0,0,2,0,1,1,1,85.15,979.05,0,0,0.21
0,0,1,1,65,1,2,1,2,0,2,0,2,2,2,1,1,104.3,6725.3,0,0,0.16
1,0,0,0,3,1,0,0,0,0,2,0,0,0,0,1,2,49.15,169.05,1,1,0.63
0,0,0,0,32,1,0,2,1,1,1,1,1,1,0,0,0,19.9,601.55,0,0,0.12
1,1,1,0,44,0,1,0,0,2,0,0,0,0,0,1,2,30.35,1359.7,1,0,0.33
1,0,0,0,1,1,0,0,0,0,2,0,0,0,0,1,3,49.65,49.65,1,1,0.52
0,0,0,0,24,1,2,1,2,0,0,2,0,0,0,1,2,84.35,1938.05,0,0,0.25
1,0,1,1,72,1,2,1,0,2,2,2,2,2,2,1,0,112.25,8041.65,0,0,0.1
1,0,1,0,61,0,1,0,2,0,2,2,2,2,2,1,3,62.15,3778.85,0,0,0.02
1,0,0,1,1,1,0,2,1,1,1,1,1,1,0,0,3,19.75,19.75,1,0,0.196
1,0,1,1,44,0,1,0,0,0,2,2,2,2,1,1,2,54.3,2317.1,0,0,0.17
1,0,1,1,62,1,2,2,1,1,1,1,1,1,2,1,0,24.25,1424.6,0,0,0.0
0,0,1,1,10,1,0,2,1,1,1,1,1,1,0,1,0,19.8,196.75,0,0,0.12
0,0,0,0,58,1,0,1,2,2,2,0,2,2,1,1,2,106.45,6145.85,1,0,0.11
0,0,0,0,1,1,2,1,0,0,0,0,0,0,0,0,2,76.0,76.0,1,1,0.82
1,0,1,1,71,1,2,1,2,2,2,2,2,2,2,1,0,114.0,8175.9,0,0,0.07
1,0,0,0,1,1,0,0,0,0,0,2,0,0,0,0,3,51.25,51.25,1,0,0.42
1,0,0,0,20,1,2,0,0,2,0,2,2,0,1,1,2,68.7,1416.2,0,0,0.14
0,1,0,0,1,1,0,1,0,0,0,0,2,0,0,0,2,78.45,78.45,1,1,0.96
1,0,0,0,9,1,0,0,0,0,0,0,0,0,0,1,3,44.4,348.15,0,0,0.48
1,0,1,0,70,1,0,1,2,2,2,2,0,2,2,0,1,101.0,7085.5,0,0,0.07
0,0,1,1,53,1,0,0,0,0,2,0,0,2,1,0,1,60.6,3297.0,0,0,0.06
1,0,0,1,8,1,0,2,1,1,1,1,1,1,0,0,0,19.45,159.2,0,0,0.1
0,0,0,0,6,0,1,0,2,2,2,2,2,2,2,1,3,63.4,348.8,0,0,0.13
1,0,0,0,26,1,2,0,0,0,0,0,0,0,1,1,1,51.55,1295.4,0,0,0.02
0,0,0,0,47,1,0,1,2,0,0,0,0,0,0,0,1,75.45,3545.1,0,0,0.38
0,0,1,1,55,1,2,1,2,2,0,0,0,0,0,1,2,85.1,4600.95,0,0,0.1
1,1,0,0,66,1,2,1,0,2,2,2,2,2,1,0,1,110.9,7432.05,1,0,0.29
1,0,0,1,31,1,2,0,0,2,0,2,2,2,1,1,3,79.45,2587.7,1,0,0.04
1,0,1,0,32,1,2,1,0,0,0,2,0,0,1,1,2,79.25,2619.15,0,0,0.11
1,0,1,1,65,1,0,0,2,0,0,2,2,2,2,1,0,74.8,4820.15,1,0,0.01
0,1,0,0,1,1,0,0,0,0,0,0,0,0,0,0,3,45.1,45.1,1,1,0.61
1,0,0,0,5,1,0,2,1,1,1,1,1,1,0,0,3,20.25,109.8,0,0,0.13
1,0,1,1,17,1,2,0,0,2,2,2,0,0,0,1,3,66.7,1077.05,0,0,0.17
1,0,0,1,21,1,2,2,1,1,1,1,1,1,0,0,3,24.7,467.15,0,0,0.1
1,0,0,0,67,1,0,2,1,1,1,1,1,1,2,0,0,19.95,1311.75,0,0,0.0
1,0,0,0,40,1,0,0,2,0,2,0,0,2,0,0,2,67.45,2731.0,0,0,0.18
0,0,0,1,72,1,0,2,1,1,1,1,1,1,2,1,3,19.75,1567.0,0,0,0.0
1,0,0,0,2,1,0,0,2,0,0,0,0,0,0,1,2,47.8,92.45,1,1,0.54
1,1,0,0,3,1,2,1,0,2,2,0,2,2,0,1,2,105.0,294.45,1,1,0.86
1,0,0,0,17,1,0,0,2,2,0,0,0,0,1,0,3,56.1,946.95,0,0,0.05
1,0,0,0,66,1,2,1,2,2,2,2,2,2,1,1,0,114.3,7383.7,0,0,0.04
1,0,1,1,61,1,0,1,0,2,0,2,2,2,1,1,0,98.45,6145.2,0,0,0.11
1,1,0,0,13,1,0,0,0,2,0,0,2,0,0,1,2,59.9,788.35,0,0,0.29
0,0,1,0,37,1,0,2,1,1,1,1,1,1,1,1,0,19.85,717.5,0,0,0.0
0,0,0,0,19,1,0,1,2,0,2,2,2,2,0,1,2,106.6,1934.45,1,0,0.46
0,0,0,1,48,1,0,2,1,1,1,1,1,1,1,0,3,19.95,936.7,0,0,0.01
0,0,1,0,1,1,0,0,0,0,0,0,2,0,0,1,3,55.3,55.3,0,1,0.75
1,1,1,0,7,0,1,0,2,0,0,0,0,0,0,0,0,29.8,220.45,0,0,0.42
0,0,0,0,62,1,2,1,2,2,2,0,0,0,1,1,2,92.05,5755.8,0,0,0.04
1,0,1,1,27,1,2,1,2,2,0,2,2,0,0,0,2,100.75,2793.55,0,0,0.3
1,0,1,1,39,1,2,2,1,1,1,1,1,1,2,1,3,23.8,903.8,0,0,0.0
1,0,0,0,2,1,2,0,0,0,0,0,0,2,0,0,0,62.05,118.3,1,0,0.4
0,0,0,0,2,1,0,2,1,1,1,1,1,1,0,0,3,20.65,38.7,1,0,0.047
1,0,1,0,42,1,2,1,0,0,2,2,2,2,1,1,2,108.3,4586.15,0,1,0.54
1,0,0,0,22,1,2,1,0,2,0,0,0,0,0,1,2,79.35,1730.35,1,1,0.7
1,0,0,0,40,1,2,1,0,0,0,0,2,0,0,1,2,84.9,3369.05,0,0,0.42
1,0,1,1,49,1,2,1,0,0,0,2,2,2,1,1,2,97.95,4917.9,0,0,0.17
0,0,1,0,11,1,0,0,0,0,0,0,0,0,0,1,2,44.05,483.7,1,0,0.26
0,0,0,0,9,1,2,1,0,0,0,0,0,2,0,1,2,83.3,803.3,1,1,0.72
0,0,1,1,71,1,2,0,2,2,2,2,2,2,2,0,3,91.05,6293.75,0,0,0.0
0,0,0,0,60,1,0,1,2,0,2,2,2,2,0,1,0,104.95,6236.75,0,0,0.15
0,0,0,0,20,1,0,0,0,0,0,0,0,0,0,1,2,44.35,927.15,0,0,0.17
0,0,1,1,72,1,2,1,2,2,2,2,2,2,2,1,0,115.6,8220.4,0,0,0.0
1,0,1,0,52,1,2,1,2,0,2,2,0,0,2,1,1,91.6,4627.8,0,0,0.08
1,0,1,1,72,1,2,0,2,2,2,2,2,2,2,1,1,90.6,6441.85,0,0,0.0
0,0,0,0,18,1,0,2,1,1,1,1,1,1,0,1,3,19.55,389.25,0,0,0.16
0,0,1,0,5,1,0,1,0,0,0,0,0,0,0,1,2,68.95,351.5,0,1,0.6
1,0,1,1,70,1,2,1,2,2,2,2,2,2,2,0,1,114.75,7842.3,0,0,0.07
1,0,0,0,50,0,1,0,2,2,0,0,0,0,0,1,3,35.0,1782.4,0,0,0.14
1,0,0,0,62,1,2,0,2,2,2,2,0,0,2,0,0,69.4,4237.5,0,0,0.0
1,0,1,0,61,1,2,0,2,0,2,0,0,2,2,1,3,69.9,4226.7,0,0,0.1
1,0,0,0,1,1,0,2,1,1,1,1,1,1,0,0,3,20.0,20.0,1,0,0.02
0,0,0,0,11,1,0,2,1,1,1,1,1,1,1,0,1,20.05,237.7,0,0,0.06
0,0,1,0,37,1,2,0,0,2,0,2,0,2,1,0,3,72.1,2658.4,0,0,0.06
1,0,1,0,48,1,0,2,1,1,1,1,1,1,2,0,3,19.25,855.1,0,0,0.01
1,1,0,0,12,0,1,0,0,0,2,2,0,2,0,1,2,43.65,526.95,1,0,0.29
0,0,1,1,70,1,2,0,2,2,0,0,2,0,2,1,1,69.2,4872.35,0,0,0.07
1,1,0,0,9,1,2,0,2,0,0,0,0,0,0,0,2,54.55,494.05,1,0,0.22
0,0,0,0,1,1,0,0,0,0,0,0,0,0,0,0,3,43.95,43.95,1,0,0.33
0,0,1,1,1,1,0,1,0,0,0,0,2,0,0,1,3,80.05,80.05,1,1,0.81
0,0,0,0,38,1,2,1,0,0,2,2,2,2,0,1,2,103.65,3988.5,0,0,0.28
1,0,0,0,10,1,2,1,0,0,0,0,0,0,0,0,2,75.05,786.3,0,0,0.48
0,0,1,0,70,1,2,1,0,2,2,2,2,2,2,1,2,110.5,7752.05,0,0,0.05
1,0,1,0,29,0,1,0,0,0,0,0,2,2,0,1,2,45.9,1332.4,0,0,0.2
1,1,0,0,42,1,2,1,0,2,0,0,0,0,0,1,0,79.35,3344.1,0,0,0.35
0,0,0,1,24,1,0,2,1,1,1,1,1,1,2,0,3,19.75,498.1,0,0,0.01
1,1,0,0,18,1,2,1,0,2,0,0,0,0,0,1,1,80.55,1411.65,0,1,0.6
1,0,1,1,72,1,2,1,0,2,2,0,2,2,1,1,1,104.45,7459.0,0,0,0.14
1,1,1,0,30,1,2,1,2,2,2,2,2,0,0,1,0,105.7,3181.8,0,0,0.36
0,0,1,1,54,1,0,0,2,0,2,2,0,2,2,0,0,69.95,3871.85,0,0,0.03
1,0,1,0,59,1,0,0,2,2,2,0,2,0,1,0,1,66.4,3958.2,0,0,0.17
1,1,1,0,70,1,2,1,0,2,2,0,2,2,0,1,2,102.95,7101.5,1,0,0.33
0,0,1,0,71,1,2,0,2,2,2,2,2,2,2,0,0,87.95,6365.35,0,0,0.0
0,0,1,1,56,1,0,2,1,1,1,1,1,1,2,1,1,19.8,1119.9,0,0,0.0
1,0,0,0,19,1,2,1,0,0,0,0,0,2,0,1,0,86.0,1532.45,1,0,0.4
0,1,0,0,59,1,2,1,2,2,2,0,0,0,0,1,2,89.75,5496.9,0,0,0.16
1,0,1,1,57,1,0,2,1,1,1,1,1,1,1,0,3,19.4,1061.6,0,0,0.01
0,0,1,1,29,1,0,2,1,1,1,1,1,1,2,0,3,20.2,558.8,0,0,0.0
0,0,1,0,71,1,2,2,1,1,1,1,1,1,2,1,1,24.45,1681.6,0,0,0.0
0,1,0,1,30,1,2,1,0,0,0,2,2,2,0,1,2,101.3,2974.5,0,1,0.64
1,0,0,0,29,1,0,0,2,2,0,2,0,0,1,1,2,58.75,1696.2,0,0,0.04
1,0,0,0,21,1,0,0,0,0,2,0,0,2,0,0,3,61.65,1393.6,0,0,0.21
0,0,1,1,23,1,2,2,1,1,1,1,1,1,2,0,3,25.1,611.45,0,0,0.0
1,0,1,1,8,1,0,0,2,0,0,0,0,0,0,1,1,51.3,411.6,0,0,0.18
1,0,1,1,1,1,0,2,1,1,1,1,1,1,1,0,3,18.8,18.8,0,0,0.22
1,0,1,1,9,1,0,0,0,2,0,2,0,0,0,0,3,54.8,452.8,0,0,0.28
1,1,0,0,14,1,2,1,0,0,0,0,0,0,0,1,2,74.95,1036.75,1,1,0.54
1,0,0,0,29,0,1,0,0,2,0,2,0,0,0,0,2,34.3,1004.75,0,0,0.17
1,0,1,1,72,1,2,1,2,2,2,0,2,2,2,1,0,110.3,7966.9,0,0,0.06
1,1,1,0,35,1,2,1,0,0,2,0,0,0,1,1,0,81.6,2815.25,0,0,0.14
1,0,0,0,62,1,0,0,0,2,2,2,2,2,0,1,0,80.4,4981.15,0,0,0.09
0,1,1,0,60,0,1,0,0,2,0,0,2,2,2,1,1,49.45,2907.55,0,0,0.12
0,0,1,1,71,1,0,1,0,0,2,0,0,0,2,0,2,76.05,5436.45,0,0,0.16
0,0,1,1,41,1,2,1,0,2,2,2,2,2,1,1,0,109.1,4454.25,0,0,0.26
1,0,0,0,1,1,0,2,1,1,1,1,1,1,0,0,2,19.2,19.2,0,0,0.12
1,0,0,0,2,1,0,2,1,1,1,1,1,1,0,0,3,19.75,39.3,0,0,0.093
0,0,0,0,18,1,0,1,2,0,0,0,2,2,0,1,2,96.05,1740.7,1,1,0.7
0,0,0,1,11,0,1,0,0,0,0,0,0,0,0,0,2,25.2,321.05,0,0,0.28
0,1,1,0,72,1,2,1,2,0,0,0,0,0,2,0,0,78.5,5602.25,0,0,0.03
1,0,1,1,51,1,2,1,0,2,0,2,0,0,1,0,0,84.2,4299.75,0,0,0.05
0,0,1,1,21,1,0,1,0,2,0,0,0,0,0,1,0,74.05,1565.7,1,0,0.26
1,0,0,0,1,1,0,2,1,1,1,1,1,1,0,0,3,20.2,20.2,0,0,0.339
0,0,0,0,4,1,2,1,0,2,0,0,0,2,0,1,2,88.95,355.2,1,1,0.76
0,1,1,0,60,1,0,1,2,2,2,2,2,2,2,1,0,110.0,6668.35,0,0,0.13
0,0,0,0,8,1,0,0,2,0,0,2,0,0,1,0,0,54.25,447.75,0,0,0.1
0,0,1,1,57,1,2,1,0,2,0,0,2,2,0,1,2,100.6,5611.7,0,1,0.66
1,0,0,0,14,1,2,2,1,1,1,1,1,1,1,1,1,24.8,321.7,0,0,0.01
0,1,0,0,2,1,2,1,0,0,0,0,0,2,0,1,2,84.05,186.05,0,1,0.97
1,0,0,0,10,1,0,1,0,0,0,0,0,0,0,1,2,70.0,740.0,1,1,0.53
1,0,0,0,1,1,0,2,1,1,1,1,1,1,0,1,0,20.2,20.2,1,0,0.48
0,0,1,0,61,1,2,2,1,1,1,1,1,1,2,0,0,25.3,1554.9,0,0,0.0
0,1,1,0,70,1,2,1,0,0,0,0,0,0,2,1,1,75.65,5411.4,0,0,0.05
0,0,0,0,2,1,0,0,0,0,2,0,0,2,0,0,2,60.85,111.4,0,1,0.57
0,1,0,0,1,1,0,1,0,0,0,0,2,2,0,1,2,89.3,89.3,1,1,0.91
0,0,1,1,38,1,0,2,1,1,1,1,1,1,1,0,3,20.3,749.35,0,0,0.0
1,1,1,0,7,1,0,1,0,0,0,0,0,0,0,1,3,70.1,467.55,1,1,0.63
1,1,1,1,60,1,2,1,2,2,0,0,0,2,0,1,2,93.25,5774.55,0,0,0.15
0,0,0,0,2,1,0,0,0,2,0,0,0,0,0,0,3,49.2,103.7,0,0,0.18
0,0,0,0,2,1,0,1,0,0,0,0,2,2,0,1,2,90.4,168.2,1,1,0.89
1,0,1,0,8,1,0,1,2,0,0,0,0,0,0,1,3,75.0,658.1,0,0,0.48
1,0,1,1,67,1,2,1,2,2,2,0,2,2,1,1,2,111.3,7482.1,1,0,0.19
1,0,0,0,3,0,1,0,2,2,0,0,0,0,0,1,3,35.45,106.85,1,1,0.73
1,0,0,0,27,1,0,2,1,1,1,1,1,1,0,1,1,19.4,460.25,0,0,0.06
1,0,0,0,3,1,0,0,2,0,0,2,2,0,0,1,1,64.4,195.65,0,0,0.12
1,0,1,0,15,1,0,2,1,1,1,1,1,1,0,1,1,19.45,340.85,0,0,0.21
1,0,1,1,7,1,0,1,0,2,0,2,2,0,0,1,2,89.75,608.8,1,1,0.58
1,0,0,0,1,1,0,2,1,1,1,1,1,1,0,1,3,20.25,20.25,0,1,0.699
0,0,1,1,48,1,0,2,1,1,1,1,1,1,2,0,0,20.65,1057.0,0,0,0.01
1,0,0,0,70,0,1,0,0,0,0,2,0,2,2,1,3,40.05,2799.75,0,0,0.09
1,0,1,1,60,1,0,2,1,1,1,1,1,1,2,1,0,20.95,1270.55,0,0,0.0
0,0,0,0,9,1,0,2,1,1,1,1,1,1,0,0,3,19.05,157.65,0,0,0.18
0,1,1,0,2,1,2,1,0,0,2,0,0,0,0,0,2,79.2,172.85,1,1,0.78
0,0,1,1,1,0,1,0,2,0,0,0,0,0,0,0,0,30.5,30.5,1,0,0.32
0,0,0,0,1,1,0,1,0,0,0,0,0,0,0,1,2,70.1,70.1,1,1,0.644
0,0,1,1,58,1,0,1,0,2,2,0,2,0,0,1,2,91.55,5511.65,0,0,0.3
0,0,0,1,39,0,1,0,0,0,2,0,0,0,0,0,1,30.1,1131.3,1,0,0.1
1,1,1,0,71,1,2,1,2,2,2,2,0,0,1,1,2,92.0,6585.2,0,0,0.12
1,0,1,1,22,1,0,2,1,1,1,1,1,1,1,0,3,20.15,419.9,0,0,0.0
1,0,0,1,17,1,0,0,0,0,0,0,0,0,1,0,3,44.6,681.4,0,0,0.1
0,0,0,0,13,0,1,0,0,0,2,2,0,0,2,0,3,35.4,450.4,0,0,0.04
1,0,0,0,1,1,0,1,0,0,0,0,0,0,0,1,2,69.35,69.35,1,1,1.0
0,0,1,0,44,1,0,0,2,2,2,0,0,0,1,1,3,61.5,2722.2,0,0,0.05
1,0,0,0,1,1,0,1,0,0,0,0,2,0,0,1,2,79.5,79.5,1,1,1.0
1,0,1,1,53,1,2,0,0,0,2,2,2,2,1,1,3,78.75,3942.45,0,0,0.11
1,0,0,0,3,0,1,0,0,0,0,0,0,0,0,0,2,25.1,79.8,0,1,0.73
0,0,1,0,24,1,2,1,0,0,2,0,0,0,0,1,3,79.65,1928.7,0,0,0.41
0,1,1,0,62,1,2,1,0,2,2,0,2,0,1,1,1,97.95,5936.55,0,0,0.23
0,0,0,0,5,1,0,0,0,0,0,0,0,0,0,1,1,44.05,202.15,0,0,0.44
0,0,0,0,6,1,0,0,0,0,0,0,0,2,0,1,2,55.0,340.4,0,0,0.38
0,0,1,0,49,1,0,2,1,1,1,1,1,1,2,1,0,20.15,973.35,0,0,0.0
1,0,0,0,5,1,0,2,1,1,1,1,1,1,0,1,3,19.25,86.05,0,0,0.11
1,1,0,0,2,1,2,1,0,0,0,0,2,2,0,1,2,94.0,181.7,1,1,0.96
1,0,1,0,71,1,2,1,2,2,2,2,2,2,2,1,2,116.25,8564.75,0,0,0.11
0,0,1,0,53,1,0,1,2,2,2,2,2,2,1,0,2,110.5,5835.5,0,0,0.31
0,0,1,1,45,1,0,0,0,2,0,2,0,0,1,1,1,54.15,2319.8,1,0,0.05
0,0,0,0,27,1,0,2,1,1,1,1,1,1,1,0,3,19.15,501.35,0,0,0.0
0,0,1,1,36,1,0,0,2,0,0,0,0,0,0,0,1,51.05,1815.0,0,0,0.06
1,0,0,1,54,1,2,0,0,2,0,0,0,0,0,1,1,55.0,3092.65,1,0,0.14
1,0,1,0,57,1,2,1,0,0,2,2,2,2,2,0,2,107.95,5969.85,0,0,0.34
1,0,0,0,1,1,0,0,0,2,0,0,0,0,0,1,2,50.75,50.75,1,1,0.66
0,0,1,1,34,1,0,0,2,2,2,2,2,2,2,0,3,84.75,2839.45,0,0,0.07
0,0,0,0,56,0,1,0,0,0,0,0,2,2,0,1,1,44.85,2564.95,0,0,0.31
0,0,0,0,11,1,2,1,0,0,0,0,0,0,0,1,2,76.5,837.95,1,0,0.4
1,0,1,1,7,1,0,2,1,1,1,1,1,1,0,0,3,20.25,144.35,0,0,0.02
1,0,1,1,5,1,2,0,2,2,0,2,0,0,0,0,1,64.4,316.9,0,0,0.22
1,0,1,1,24,1,2,0,2,0,0,0,2,2,1,0,3,74.8,1821.2,0,0,0.06
1,1,1,0,54,1,2,1,0,0,0,0,0,0,0,0,0,74.0,3919.15,0,0,0.23
1,0,1,0,72,1,2,0,2,2,2,2,2,2,2,1,0,89.05,6254.45,0,0,0.0
1,0,1,1,30,1,2,0,2,2,2,2,0,0,0,0,2,67.6,2000.2,0,0,0.23
0,1,0,0,15,1,0,1,2,0,2,2,0,2,0,1,3,96.3,1426.75,1,1,0.55
0,0,1,1,15,1,0,2,1,1,1,1,1,1,0,0,3,20.05,284.3,0,0,0.01
1,1,0,0,57,1,2,1,0,2,0,2,2,2,0,1,0,104.9,5913.95,0,0,0.37
1,0,1,1,72,1,2,1,0,2,2,2,0,0,2,0,0,90.45,6565.85,0,0,0.15
1,0,1,1,13,1,0,1,0,0,2,0,2,2,0,0,2,97.0,1334.45,0,1,0.57
0,0,0,0,60,1,0,2,1,1,1,1,1,1,2,0,3,20.6,1093.0,0,0,0.09
1,0,0,0,22,1,2,0,2,2,2,0,0,0,0,0,3,65.05,1427.55,0,0,0.28
1,0,0,0,34,1,2,1,0,2,0,2,2,2,0,1,2,105.35,3540.65,0,0,0.36
0,0,0,0,7,1,0,1,0,0,0,0,2,0,0,1,2,79.7,586.05,1,1,0.71
0,0,1,1,20,1,0,2,1,1,1,1,1,1,0,0,2,20.0,417.65,0,0,0.01
0,0,1,1,52,1,0,1,0,2,2,2,0,0,0,0,0,85.8,4433.3,0,0,0.12
1,0,0,0,24,1,2,1,0,2,0,0,2,2,0,1,0,99.65,2404.85,0,0,0.44
0,1,0,0,4,1,2,0,0,0,0,0,0,0,0,0,3,48.75,179.85,0,1,0.82
1,1,1,0,57,1,2,0,0,2,2,0,2,0,1,1,1,71.1,4140.1,0,0,0.1
1,0,1,1,66,1,0,0,2,2,2,2,0,0,2,0,3,65.85,4097.05,0,0,0.02
0,0,0,0,11,1,0,0,0,0,0,0,2,2,0,1,2,64.9,716.1,0,0,0.24
0,0,1,1,57,1,2,0,2,0,2,2,2,2,2,1,2,84.5,4845.4,0,0,0.02
0,0,1,1,40,1,2,1,0,0,2,2,0,0,0,1,2,84.85,3303.05,1,0,0.36
0,1,0,0,57,0,1,0,0,2,2,0,2,2,0,1,2,55.0,3094.05,0,0,0.5
0,0,0,0,2,1,2,1,0,0,0,0,2,2,0,1,2,95.15,196.9,1,1,0.96
1,0,1,1,70,1,2,0,2,2,2,2,0,2,1,0,0,78.35,5445.95,0,0,0.14
1,1,1,0,7,1,0,1,0,0,0,0,2,2,0,1,2,89.5,676.7,1,0,0.43
1,0,0,0,17,1,0,2,1,1,1,1,1,1,0,0,1,21.1,385.55,0,0,0.12
0,1,0,1,33,1,2,1,0,2,2,0,2,2,0,1,0,105.35,3465.05,0,0,0.5
0,1,0,0,18,1,0,1,0,2,0,0,0,0,0,1,2,73.55,1359.45,0,0,0.38
0,0,1,1,63,1,0,0,2,2,2,2,0,0,2,0,3,63.55,4014.2,0,0,0.01
0,0,0,0,20,1,0,2,1,1,1,1,1,1,0,1,1,18.9,347.65,0,0,0.17
0,0,0,0,70,1,2,0,2,2,2,0,2,2,2,0,3,84.7,5991.05,0,0,0.02
0,1,1,0,53,1,2,1,0,0,0,0,2,2,1,1,1,95.85,5016.25,0,0,0.4
0,0,1,0,24,1,0,2,1,1,1,1,1,1,1,0,3,20.15,456.85,0,0,0.0
0,0,1,1,56,1,2,1,0,2,2,2,0,2,1,1,1,99.75,5608.4,0,0,0.12
0,0,1,0,39,1,0,1,2,0,2,2,2,2,1,1,1,104.7,4134.85,1,0,0.26
0,1,1,0,17,1,2,1,0,0,0,0,2,2,0,1,2,92.55,1614.7,0,1,0.58
1,0,1,0,15,1,0,1,0,0,0,0,0,0,0,1,0,68.6,1108.6,0,0,0.48
1,1,1,1,38,1,2,1,0,2,0,0,2,2,0,0,2,101.15,3741.85,0,1,0.54
0,0,0,0,13,0,1,0,0,0,2,0,2,2,0,0,2,49.15,649.4,0,0,0.5
1,0,1,1,44,1,0,2,1,1,1,1,1,1,1,0,0,20.6,926.0,0,0,0.01
1,1,1,0,46,1,0,1,0,0,0,0,0,2,0,1,2,80.4,3605.2,1,1,0.53
0,0,1,0,56,1,0,1,0,0,2,2,2,2,0,1,2,98.7,5669.5,0,0,0.3
1,1,0,0,2,1,0,0,0,0,0,0,0,0,0,1,2,44.15,92.65,1,1,0.79
1,0,0,0,6,1,0,2,1,1,1,1,1,1,0,0,3,18.95,110.15,0,0,0.16
0,1,1,1,48,0,1,0,0,2,0,0,0,0,1,0,0,29.9,1388.75,0,0,0.14
0,0,1,1,68,1,2,0,2,2,2,2,0,2,1,1,2,78.45,5333.35,0,0,0.12
1,0,0,0,31,1,2,1,0,2,0,0,0,0,0,1,2,80.45,2429.1,0,0,0.36
1,0,0,0,12,1,2,1,0,2,2,2,2,2,0,1,3,112.95,1384.75,1,1,0.51
0,0,0,0,1,1,0,1,0,0,0,0,0,0,0,1,2,70.1,70.1,1,1,0.644
0,1,1,0,72,1,2,0,2,2,2,2,2,2,2,0,1,89.1,6352.4,0,0,0.0
1,1,0,0,5,1,0,2,1,1,1,1,1,1,0,0,0,20.05,94.15,0,0,0.19
0,0,0,0,3,1,0,0,0,2,0,2,2,2,0,1,2,75.3,244.1,0,0,0.44
1,0,1,0,63,1,2,1,0,2,2,0,2,2,0,1,2,102.4,6444.05,0,0,0.35
0,0,0,0,67,1,0,0,2,0,2,2,0,2,1,1,0,72.35,4991.5,0,0,0.08
1,0,1,0,66,1,2,0,2,2,2,0,0,0,2,1,1,66.1,4428.45,0,0,0.01
1,0,0,0,23,1,0,2,1,1,1,1,1,1,0,0,2,20.85,473.9,0,0,0.0
0,0,1,1,8,1,0,2,1,1,1,1,1,1,0,0,1,21.05,139.75,0,0,0.22
0,0,1,0,64,1,0,2,1,1,1,1,1,1,2,0,1,19.45,1208.6,0,0,0.0
0,0,1,0,16,0,1,0,0,0,0,2,2,2,0,1,2,49.95,810.2,1,0,0.36
0,1,0,0,17,1,2,1,0,0,0,0,2,2,0,1,2,94.2,1608.15,0,1,0.8
0,0,0,0,1,1,0,2,1,1,1,1,1,1,0,0,3,19.65,19.65,1,0,0.012
1,0,1,0,72,1,2,1,2,2,0,2,0,2,2,1,0,100.55,7325.1,0,0,0.06
0,0,0,0,15,1,2,1,0,2,0,0,2,2,0,1,2,100.15,1415.0,0,1,0.85
0,0,0,0,60,1,2,0,0,0,2,2,2,2,1,0,1,80.55,4847.05,0,0,0.05
0,0,0,0,15,1,2,0,2,0,0,0,0,0,0,1,3,55.7,899.8,1,0,0.26
0,0,0,0,1,1,2,1,0,0,0,0,2,2,0,0,3,95.65,95.65,1,1,0.91
0,0,0,1,8,0,1,0,2,0,0,0,0,2,0,1,2,38.5,330.8,0,0,0.39
0,0,1,0,63,1,2,0,2,2,0,0,2,2,1,1,1,79.7,4786.15,0,0,0.09
1,0,0,0,1,1,0,0,0,0,0,0,0,0,0,1,2,44.8,44.8,0,0,0.21
1,0,0,0,1,1,0,0,2,0,0,0,0,0,0,1,3,48.55,48.55,1,0,0.37
0,0,0,1,1,1,0,0,2,0,0,2,0,0,0,0,2,54.5,54.5,0,1,0.58
0,1,1,0,56,1,2,1,2,2,2,2,0,0,1,0,2,95.65,5471.75,0,0,0.09
1,0,1,0,35,1,0,0,2,2,2,0,0,0,0,0,3,61.0,2130.45,0,0,0.21
1,0,1,0,22,1,0,1,0,0,2,0,2,0,0,1,0,87.0,1850.65,0,0,0.19
1,0,0,0,1,1,0,2,1,1,1,1,1,1,0,1,3,19.5,19.5,0,1,0.605
1,0,0,0,50,1,0,1,2,2,0,2,0,2,0,1,1,93.5,4747.5,0,0,0.1
1,0,1,0,41,1,2,1,0,2,0,0,0,0,0,1,2,80.25,3439.0,0,0,0.47
1,0,1,1,39,1,2,1,0,0,2,0,2,2,1,0,2,100.0,3835.55,0,0,0.2
1,0,0,0,1,1,0,0,2,0,0,2,0,0,0,1,2,53.95,53.95,1,0,0.43
0,0,1,1,8,1,0,0,0,2,0,2,0,0,0,0,0,56.3,401.5,0,0,0.39
1,0,0,0,20,1,0,1,0,0,0,0,2,0,0,0,2,78.8,1641.3,0,0,0.39
1,1,1,0,51,1,2,1,2,0,2,0,2,0,0,1,0,93.8,4750.95,1,0,0.21
1,1,0,0,1,1,0,1,0,0,0,2,0,0,0,0,2,74.7,74.7,0,0,0.37
1,1,1,0,72,1,0,1,2,2,0,2,0,0,2,1,1,84.8,6141.65,0,0,0.0
1,1,1,0,24,1,0,1,0,0,2,0,2,2,0,1,2,93.15,2231.05,1,0,0.31
0,0,0,0,56,1,0,2,1,1,1,1,1,1,2,0,0,19.7,1051.9,0,0,0.09
0,0,0,0,53,1,0,1,2,2,2,2,0,2,2,0,3,99.5,5424.25,0,0,0.12
1,0,1,1,47,1,2,0,0,2,0,0,0,0,0,0,2,54.25,2538.2,0,0,0.11
0,0,1,1,72,1,2,1,0,2,2,2,2,2,2,1,0,109.2,7711.45,0,0,0.08
1,0,1,1,11,1,2,1,0,0,0,0,0,0,0,1,2,74.35,834.2,1,1,0.67
0,1,1,0,60,1,2,1,2,2,2,2,2,2,2,1,0,116.05,6925.9,0,0,0.11
1,1,0,0,19,1,2,1,0,2,0,0,2,0,0,1,2,88.2,1775.8,1,1,0.76
1,0,0,1,1,1,0,2,1,1,1,1,1,1,0,1,3,21.05,21.05,0,0,0.312
0,0,0,0,32,1,2,0,0,2,0,0,0,0,0,1,2,54.2,1739.6,0,0,0.17
1,0,1,1,8,1,0,2,1,1,1,1,1,1,0,0,1,19.65,169.75,0,0,0.06
1,0,0,0,5,1,0,0,0,0,2,2,2,2,0,0,0,75.15,392.65,0,0,0.25
0,0,0,0,36,1,0,2,1,1,1,1,1,1,1,1,0,19.25,679.8,0,0,0.0
1,0,0,0,23,1,2,1,0,0,0,2,2,0,0,1,2,90.6,1943.2,1,1,0.64
1,0,0,0,5,1,0,1,0,0,0,0,0,0,0,1,2,69.75,324.6,1,1,0.88
0,0,1,1,38,1,0,2,1,1,1,1,1,1,2,1,3,20.2,746.05,0,0,0.0
1,0,0,0,1,1,2,1,0,0,0,0,0,0,0,1,2,75.3,75.3,1,1,0.84
1,0,0,0,42,1,2,1,0,0,2,0,0,0,0,0,2,79.9,3313.4,0,1,0.55
1,1,0,0,70,0,1,0,0,0,0,0,2,2,1,1,2,45.25,3264.45,1,0,0.2
1,0,0,0,2,1,0,2,1,1,1,1,1,1,0,0,3,19.35,46.35,0,0,0.04
0,1,0,0,1,1,0,1,0,0,0,0,0,0,0,1,2,69.6,69.6,1,1,1.0
0,0,1,1,2,0,1,0,0,0,0,2,0,0,0,0,0,29.05,44.75,0,1,0.68
1,0,0,0,2,1,2,1,0,0,0,0,0,0,0,1,2,76.5,162.45,1,1,0.8
0,0,0,0,41,1,2,1,0,0,2,0,2,2,0,0,0,98.05,3990.6,0,0,0.33
1,0,0,0,1,1,0,0,2,0,0,0,0,0,0,0,3,51.25,51.25,0,0,0.3
1,0,1,1,70,1,2,0,2,2,2,2,2,2,2,1,1,90.15,6237.05,0,0,0.01
1,0,1,0,31,1,2,0,0,0,0,0,2,0,0,1,1,59.05,1882.8,0,0,0.11
0,0,0,0,18,1,0,1,0,0,0,0,0,0,0,1,2,69.8,1221.65,0,0,0.16
0,0,0,0,1,0,1,0,0,0,0,2,0,0,0,0,3,30.55,30.55,0,0,0.286
0,0,1,1,14,1,0,2,1,1,1,1,1,1,2,0,3,18.8,255.55,0,0,0.02
1,0,1,0,72,1,0,0,2,2,0,2,2,2,2,1,0,79.35,5753.25,0,0,0.0
0,0,0,0,58,1,2,2,1,1,1,1,1,1,2,1,1,24.7,1519.0,0,0,0.0
0,0,0,0,34,1,2,0,2,2,0,2,0,0,1,1,3,64.4,2088.75,1,0,0.0
0,0,1,0,2,1,0,2,1,1,1,1,1,1,0,0,0,19.85,52.0,0,0,0.16
0,0,1,1,14,1,2,1,0,0,0,0,2,0,0,1,2,84.8,1203.9,0,1,0.56
0,0,1,1,61,1,2,0,2,2,2,2,2,2,2,0,3,88.1,5526.75,0,0,0.02
0,0,1,0,38,1,2,1,0,0,2,2,2,2,0,1,2,105.0,4026.4,1,0,0.42
0,0,1,1,58,1,2,1,2,2,0,0,0,2,0,1,0,93.4,5435.6,1,0,0.07
1,0,0,0,2,1,0,0,0,0,0,2,2,2,0,0,2,70.3,132.4,0,0,0.37
1,0,0,1,1,1,0,2,1,1,1,1,1,1,0,0,3,20.05,20.05,0,0,0.19
0,0,0,0,39,1,0,1,0,0,2,2,0,0,2,1,2,80.45,3201.55,1,0,0.2
1,0,0,0,68,1,2,0,2,2,2,0,0,2,1,1,1,76.9,5023.0,0,0,0.12
0,0,1,1,31,1,0,2,1,1,1,1,1,1,2,0,3,21.0,697.7,0,0,0.0
0,0,1,1,55,1,0,1,0,0,0,0,0,0,2,1,1,69.05,3842.6,0,0,0.08
0,0,1,1,14,1,2,1,0,2,0,0,0,2,0,1,0,90.9,1259.0,1,0,0.45
0,1,0,0,55,1,2,1,0,0,2,0,2,2,1,1,2,100.0,5509.3,1,0,0.1
1,0,0,0,25,1,0,1,2,0,2,2,2,2,0,1,2,105.5,2686.05,0,0,0.33
1,0,1,1,72,1,2,0,2,2,2,2,2,2,2,0,1,89.7,6339.3,0,0,0.0
1,1,1,0,6,1,2,1,0,0,2,0,0,0,0,1,2,80.8,457.1,0,1,0.77
0,1,1,0,45,1,0,1,0,0,2,0,0,2,0,1,2,86.1,3861.45,0,1,0.66
1,0,1,1,56,1,0,0,2,2,2,0,0,0,2,1,0,59.8,3457.45,0,0,0.02
0,0,0,0,13,0,1,0,0,0,0,0,0,2,0,1,2,35.1,446.1,1,0,0.38
0,0,1,0,28,1,2,1,0,0,2,2,2,2,0,1,2,104.8,3046.05,1,1,0.62
0,0,1,0,7,1,0,0,0,0,0,0,0,0,0,1,3,44.25,313.45,0,0,0.23
0,1,0,0,18,1,2,1,0,2,0,2,2,2,0,1,1,103.6,1806.35,0,0,0.46
1,0,0,0,46,1,2,1,0,2,2,0,2,0,1,1,1,94.9,4422.95,0,0,0.12
0,0,1,0,64,1,2,2,1,1,1,1,1,1,2,0,1,25.0,1584.8,0,0,0.0
0,0,0,0,4,1,0,0,0,0,0,0,0,0,0,1,3,46.0,193.6,1,0,0.35
0,0,1,0,71,0,1,0,2,2,2,2,0,0,2,1,0,47.6,3377.8,0,0,0.02
0,0,1,1,38,1,0,2,1,1,1,1,1,1,0,0,3,20.45,781.25,0,0,0.0
1,0,0,1,55,1,0,2,1,1,1,1,1,1,1,0,0,19.1,1001.5,0,0,0.14
0,1,0,0,1,1,0,1,0,0,2,0,0,2,0,1,2,85.0,85.0,1,1,0.93
0,0,0,0,11,1,0,1,0,2,2,2,0,2,0,1,2,94.2,999.9,0,1,0.59
1,0,1,0,63,1,2,1,0,2,2,0,2,2,0,1,2,103.4,6603.0,1,0,0.35
0,1,1,0,66,1,2,0,0,2,2,0,2,2,2,1,0,80.55,5265.1,1,0,0.07
1,1,0,0,22,1,2,1,0,0,0,0,2,2,0,1,2,96.7,2082.95,1,1,0.72
0,0,0,0,5,1,2,1,0,0,0,0,2,0,0,1,2,84.0,424.75,0,1,0.81
0,1,0,0,18,1,0,0,0,2,0,0,0,0,0,1,1,49.85,865.75,0,0,0.32
0,0,0,0,20,1,0,2,1,1,1,1,1,1,2,0,3,19.7,406.95,0,0,0.0
0,1,1,0,18,1,2,1,0,0,0,2,2,2,0,0,0,99.75,1836.25,1,1,0.56
1,0,1,1,65,1,2,1,2,0,2,2,2,2,2,0,0,108.65,6937.95,1,0,0.1
1,0,1,1,69,1,2,0,2,0,2,2,2,2,2,0,0,86.9,6194.1,0,0,0.01
0,0,1,0,52,1,0,0,2,0,2,0,2,0,1,1,3,64.3,3410.6,0,0,0.05
1,0,0,0,2,1,0,1,0,0,0,0,0,2,0,1,2,80.2,181.1,1,1,0.61
0,1,1,1,48,1,0,1,2,0,2,2,2,2,0,1,2,104.5,5068.05,0,0,0.3
0,0,1,0,42,1,2,1,0,0,2,2,0,0,0,1,2,84.3,3588.4,1,0,0.28
1,1,1,0,23,1,2,1,0,2,2,0,2,2,0,1,2,104.45,2184.85,0,1,0.8
1,0,1,0,72,1,2,1,0,2,2,0,2,2,2,1,0,103.75,7346.2,0,0,0.22
1,0,1,1,24,1,2,2,1,1,1,1,1,1,2,1,0,24.1,587.4,0,0,0.01
0,0,0,1,7,0,1,0,2,0,0,0,0,0,0,0,3,29.8,201.95,0,0,0.23
0,0,0,0,66,1,2,1,0,0,2,0,2,0,1,1,0,92.15,6056.9,0,0,0.1
1,0,0,0,67,1,2,1,2,2,2,2,2,2,1,1,0,118.35,7804.15,1,0,0.18
1,0,1,0,47,1,2,1,0,2,2,0,2,2,0,1,2,104.1,5135.15,0,1,0.83
0,1,1,0,47,1,2,1,0,0,2,0,2,2,0,0,2,99.7,4747.2,0,0,0.43
1,0,0,0,2,1,0,0,2,0,2,0,0,0,0,0,2,53.45,119.5,0,0,0.4
0,0,1,1,12,1,2,2,1,1,1,1,1,1,2,0,1,25.25,274.7,0,0,0.04
1,0,0,0,3,1,0,1,0,0,0,0,0,0,0,1,3,70.3,220.4,0,0,0.41
1,1,1,0,69,1,2,1,0,2,2,0,0,2,0,1,0,95.35,6382.0,0,0,0.38
1,0,0,0,1,1,0,1,0,0,0,0,2,0,0,1,2,79.05,79.05,1,1,1.0
1,0,1,1,8,1,0,0,0,0,0,0,0,0,1,1,3,43.45,345.5,0,0,0.23
1,0,0,0,3,1,2,1,0,2,2,0,2,2,0,1,0,105.35,323.25,1,1,0.83
0,0,1,1,30,0,1,0,0,0,0,2,2,2,0,0,1,51.2,1561.5,1,0,0.15
1,0,0,0,29,1,0,0,0,0,2,2,2,2,1,1,0,75.35,2243.9,0,0,0.11
0,0,0,0,40,1,0,2,1,1,1,1,1,1,2,1,0,20.6,827.3,0,0,0.0
1,0,1,0,72,1,2,0,2,0,2,2,2,2,2,0,1,86.65,6094.25,0,0,0.01
1,0,1,0,48,1,2,1,2,2,2,0,2,2,0,1,0,111.45,5315.1,0,0,0.27
1,1,0,0,47,1,0,1,2,0,0,0,0,2,0,0,3,85.5,4042.3,1,0,0.29
0,1,0,0,4,1,0,2,1,1,1,1,1,1,0,0,3,20.05,91.45,0,0,0.34
1,0,1,1,72,1,2,1,2,2,2,2,2,2,2,1,1,114.05,8289.2,0,0,0.01
1,0,0,0,1,1,0,2,1,1,1,1,1,1,0,1,1,19.75,19.75,0,0,0.26
1,0,0,1,52,1,2,2,1,1,1,1,1,1,2,0,1,25.6,1334.5,0,0,0.02
1,0,1,0,5,0,1,0,0,0,0,0,0,0,0,1,2,24.95,100.4,1,0,0.34
1,0,1,1,22,1,0,2,1,1,1,1,1,1,1,0,0,20.25,488.25,0,0,0.0
0,0,1,1,18,1,0,0,2,2,0,2,0,0,1,1,3,61.5,1087.45,0,0,0.03
0,0,1,1,54,1,2,2,1,1,1,1,1,1,1,1,0,24.75,1342.15,0,0,0.0
1,0,0,0,25,1,0,2,1,1,1,1,1,1,0,0,3,20.6,541.5,0,0,0.01
0,0,0,0,38,1,0,2,1,1,1,1,1,1,2,0,3,20.3,743.05,0,0,0.0
0,0,1,0,2,1,0,1,0,0,0,0,0,0,0,1,2,70.7,141.45,1,1,0.53
0,0,0,0,2,1,2,0,0,0,0,2,0,0,0,1,3,54.35,117.05,0,1,0.58
0,0,0,0,7,1,0,0,0,0,0,2,2,2,0,1,1,70.75,450.8,1,0,0.36
1,0,0,0,4,1,0,0,0,0,0,0,2,0,0,1,2,56.4,234.85,0,0,0.22
0,0,1,1,3,0,1,0,2,0,0,0,0,0,0,0,1,29.7,91.7,1,0,0.26
1,0,1,0,53,1,0,2,1,1,1,1,1,1,2,0,1,19.9,1110.05,0,0,0.01
0,0,0,0,17,1,0,2,1,1,1,1,1,1,1,0,1,20.05,337.9,0,0,0.0
0,0,0,0,70,0,1,0,2,2,2,2,0,0,2,1,0,44.6,3058.15,0,0,0.06
1,0,0,0,25,1,2,1,0,0,0,0,2,2,0,1,0,94.7,2362.1,1,0,0.49
1,0,0,0,1,1,0,2,1,1,1,1,1,1,0,0,3,20.3,20.3,0,0,0.15
0,0,0,0,1,1,0,0,2,0,0,0,0,0,0,0,0,49.55,49.55,0,0,0.3
0,1,0,0,24,1,0,2,1,1,1,1,1,1,0,1,3,20.3,459.95,0,0,0.14
1,1,0,0,3,1,2,1,0,0,2,0,2,0,0,0,2,91.05,289.1,1,1,0.57
1,0,1,1,48,1,2,2,1,1,1,1,1,1,2,0,3,23.55,1173.35,0,0,0.0
0,0,0,0,66,0,1,0,2,2,2,2,2,2,2,1,0,62.5,4136.4,0,0,0.0
1,0,1,1,19,1,2,1,0,0,0,2,2,2,1,1,2,100.95,1875.55,1,0,0.42
0,0,0,0,1,1,0,0,0,0,2,0,0,0,0,1,3,50.45,50.45,1,1,0.8
0,0,1,1,72,1,2,2,1,1,1,1,1,1,2,0,0,25.2,1787.35,0,0,0.0
1,0,0,0,10,1,0,2,1,1,1,1,1,1,0,1,3,19.85,193.05,0,0,0.07
1,0,1,1,54,1,2,0,2,2,0,2,0,0,2,1,1,65.65,3566.7,0,0,0.01
0,0,1,0,71,1,2,2,1,1,1,1,1,1,2,0,0,24.75,1836.9,0,0,0.0
1,0,1,1,27,1,2,1,0,0,0,0,0,0,0,1,0,75.75,1929.0,0,0,0.43
0,0,1,0,57,1,0,2,1,1,1,1,1,1,2,1,0,19.6,1134.25,0,0,0.0
0,0,1,1,10,1,2,0,2,2,0,0,2,0,1,0,2,70.3,676.15,0,0,0.17
0,1,0,0,2,1,0,1,0,0,0,0,2,0,0,0,3,81.5,162.55,0,1,0.81
0,0,0,0,34,1,0,0,2,0,2,2,2,2,1,1,0,79.95,2727.3,0,0,0.17
1,1,1,0,19,0,1,0,0,2,2,0,0,0,0,1,1,34.3,577.15,0,0,0.33
0,0,0,0,17,1,0,1,0,0,0,0,0,0,0,1,2,70.0,1144.5,1,0,0.32
1,0,0,0,66,0,1,0,0,0,0,2,0,0,1,0,1,29.45,1983.15,0,0,0.02
0,0,0,0,31,1,2,1,0,0,0,2,0,0,0,1,1,79.85,2404.15,1,0,0.37
0,0,0,0,56,0,1,0,2,2,2,2,0,0,2,0,0,45.05,2560.1,0,0,0.01
1,0,0,1,49,1,2,1,0,0,0,2,2,2,1,1,0,100.6,5069.65,1,0,0.16
1,0,0,1,27,1,0,0,2,2,0,0,0,0,1,0,3,56.2,1567.55,0,0,0.04
0,0,0,0,45,1,2,0,2,0,0,2,0,2,2,0,3,73.55,3349.1,0,0,0.03
1,0,0,0,1,0,1,0,0,0,0,0,0,0,0,0,3,25.35,25.35,0,1,0.52
0,0,0,0,3,1,0,2,1,1,1,1,1,1,0,0,3,19.85,57.2,0,0,0.21
1,0,0,0,35,1,0,0,2,2,2,0,0,0,1,0,3,61.2,2021.2,0,0,0.06
0,1,0,0,5,1,0,1,0,0,0,0,0,2,0,0,2,78.95,378.4,1,1,0.57
1,0,0,0,54,1,2,1,0,2,0,0,0,0,0,1,0,79.85,4308.25,0,0,0.33
0,0,0,0,13,1,0,2,1,1,1,1,1,1,1,0,2,19.65,244.8,0,0,0.04
1,1,0,0,3,1,2,1,0,0,0,0,2,2,0,1,2,94.85,335.75,0,1,0.93
0,0,1,0,9,1,0,1,0,0,2,0,0,0,0,1,0,75.75,655.9,1,1,0.69
0,0,0,0,24,1,0,0,2,0,0,2,0,0,0,0,1,56.35,1381.2,0,0,0.09
1,0,0,0,9,1,0,0,2,0,2,2,0,2,0,1,0,68.25,576.95,0,0,0.13
0,0,1,1,70,1,2,0,2,0,0,0,0,2,1,0,0,65.2,4543.15,0,0,0.11
0,0,1,0,72,1,2,1,0,2,2,2,2,2,2,1,0,110.45,7982.5,0,0,0.05
1,0,1,1,45,1,2,1,0,2,2,2,2,2,2,1,0,109.75,4900.65,0,0,0.27
0,0,0,0,39,0,1,0,2,2,0,2,0,0,1,1,0,40.3,1630.4,0,0,0.03
1,0,1,0,51,1,2,1,2,2,0,0,0,2,1,1,1,96.4,4911.05,0,0,0.25
1,0,0,0,1,1,0,2,1,1,1,1,1,1,0,1,3,20.1,20.1,1,1,0.81
0,0,0,0,29,0,1,0,0,0,0,0,0,0,0,1,1,25.1,712.85,1,0,0.19
1,0,0,0,22,1,2,2,1,1,1,1,1,1,0,1,1,24.85,493.4,0,0,0.13
0,1,0,0,20,1,2,1,0,0,0,0,0,2,0,1,1,85.8,1727.5,1,1,0.6
1,0,0,0,8,0,1,0,2,0,0,0,0,0,0,0,3,29.35,216.45,0,0,0.37
0,0,1,0,15,1,0,1,0,0,2,0,2,0,0,1,2,84.3,1308.4,1,1,0.65
1,0,0,0,1,1,0,0,2,0,0,0,0,0,0,1,3,50.75,50.75,0,0,0.23
0,0,1,1,54,1,2,0,2,0,0,2,0,0,2,0,0,60.0,3273.95,0,0,0.04
0,0,1,1,18,1,0,2,1,1,1,1,1,1,2,0,3,19.35,309.25,0,0,0.01
1,1,1,0,18,1,0,0,2,0,0,0,0,2,0,1,1,59.1,1011.05,0,0,0.27
1,0,1,1,72,0,1,0,2,2,2,2,0,0,2,0,1,45.25,3139.8,0,0,0.05
0,0,1,1,33,1,2,2,1,1,1,1,1,1,2,1,3,24.5,740.3,1,0,0.0
0,0,0,0,7,1,0,1,0,0,0,0,0,0,0,1,0,69.85,515.45,0,0,0.44
1,0,1,0,44,0,1,0,0,2,2,0,2,2,2,0,0,54.3,2390.45,0,0,0.21
0,0,0,0,2,1,2,1,0,0,0,0,0,0,0,0,1,74.9,147.15,1,1,0.78
1,0,0,0,58,1,2,1,0,0,0,2,0,0,0,0,0,80.65,4807.35,0,0,0.26
1,0,1,0,2,1,0,1,0,0,0,2,2,2,0,1,2,94.2,167.5,1,1,0.61
0,0,0,0,17,1,0,2,1,1,1,1,1,1,0,0,1,19.7,340.35,0,0,0.13
0,0,0,0,36,1,2,1,0,2,2,0,2,2,1,1,0,104.8,3886.45,0,0,0.35
0,1,1,0,71,1,0,1,0,2,2,0,0,2,2,0,1,89.45,6435.25,0,0,0.1
1,1,0,0,67,1,2,1,0,0,0,0,0,0,0,1,3,75.7,5060.85,0,0,0.33
1,0,1,0,17,0,1,0,0,2,0,0,2,2,0,1,3,49.8,836.35,0,0,0.38
0,0,1,1,67,1,2,1,0,2,2,2,2,2,1,1,1,112.35,7388.45,0,0,0.09
1,0,0,0,65,1,2,1,0,2,2,0,2,2,2,0,1,105.1,6631.85,0,0,0.09
1,0,1,1,1,1,0,1,0,0,0,0,0,0,0,1,2,68.5,68.5,1,1,0.84
0,0,1,0,7,1,0,1,0,0,0,0,2,0,0,1,2,81.1,576.65,1,1,0.81
0,0,1,1,11,1,0,2,1,1,1,1,1,1,1,1,3,20.0,196.35,0,0,0.05
0,0,1,0,69,1,2,1,2,2,2,2,2,2,2,1,2,116.0,8182.85,0,0,0.06
0,0,1,0,70,1,0,2,1,1,1,1,1,1,2,0,0,19.45,1303.5,0,0,0.0
0,0,1,1,72,0,1,0,2,2,2,2,2,2,2,0,0,64.45,4528.0,0,0,0.0
0,0,0,0,7,1,2,1,0,0,0,0,0,0,0,1,2,73.85,511.25,1,1,0.56
1,0,0,1,3,1,0,1,0,0,0,0,0,0,0,0,2,69.65,220.1,1,1,0.53
1,0,1,0,72,1,2,0,0,2,2,2,2,2,2,0,0,85.95,6151.9,0,0,0.0
0,0,0,0,16,1,0,1,0,2,2,0,0,2,0,1,1,93.2,1573.7,1,1,0.6
0,0,0,0,38,1,0,2,1,1,1,1,1,1,2,0,3,20.05,741.5,0,0,0.0
0,0,0,0,1,1,0,1,0,0,0,0,0,0,0,1,2,70.85,70.85,1,1,0.94
1,0,0,0,1,1,0,0,0,0,0,0,0,0,0,1,2,42.9,42.9,1,0,0.35
0,0,1,0,42,0,1,0,0,2,0,2,0,0,1,0,3,33.55,1445.3,1,0,0.13
0,1,0,0,3,1,0,1,0,0,2,0,0,0,0,0,3,75.05,202.9,0,1,0.59
1,0,0,0,35,1,2,1,2,0,2,2,2,2,2,1,2,108.95,4025.5,0,0,0.14
1,0,1,1,72,1,2,1,2,2,2,2,2,2,2,1,1,114.3,8058.55,0,0,0.0
0,0,1,0,64,1,2,2,1,1,1,1,1,1,2,0,3,25.55,1714.95,0,0,0.0
1,0,0,0,1,1,0,0,0,0,0,0,0,0,0,0,2,45.75,45.75,1,1,0.88
0,0,1,0,12,1,0,0,2,0,0,2,0,0,0,0,0,54.2,690.5,0,0,0.32
1,1,1,0,10,1,2,1,0,0,2,0,0,2,0,1,2,89.8,914.3,1,1,0.79
0,0,0,0,15,1,0,2,1,1,1,1,1,1,0,0,0,19.75,297.3,1,0,0.29
0,1,1,0,29,0,1,0,2,0,2,0,0,2,0,1,2,45.0,1228.65,0,0,0.44
1,0,1,1,63,1,0,1,0,2,2,0,0,0,0,1,1,80.3,4896.35,0,0,0.16
0,0,1,1,36,1,2,1,2,0,2,0,2,2,0,1,1,104.5,3684.95,0,0,0.45
0,0,1,0,55,1,2,1,0,2,2,0,2,0,0,1,1,94.45,5073.1,0,0,0.36
1,0,1,1,72,1,2,1,2,2,2,2,2,0,2,1,1,106.1,7548.6,0,0,0.02
0,0,0,0,5,1,2,0,0,2,0,0,0,2,0,1,2,64.0,370.25,0,0,0.32
1,0,0,0,16,1,0,1,0,0,0,2,0,0,0,1,1,74.55,1170.5,0,0,0.25
0,0,0,0,49,1,2,1,0,0,0,0,0,2,0,1,2,84.5,3906.7,0,1,0.66
1,0,1,0,66,1,2,0,2,2,2,2,2,2,2,0,0,91.7,6075.9,0,0,0.01
0,0,1,1,72,1,2,0,2,2,2,2,2,2,2,0,1,90.95,6652.45,0,0,0.01
1,0,0,0,5,0,1,0,2,0,2,2,0,0,0,0,3,40.0,223.45,1,0,0.21
0,0,1,1,71,1,0,0,2,2,2,2,2,2,2,0,1,87.25,6328.7,0,0,0.0
1,0,1,0,30,1,2,0,0,0,0,0,0,0,0,0,2,49.9,1441.95,0,0,0.08
1,0,1,1,18,1,0,0,2,0,2,2,2,2,0,0,2,83.25,1611.15,0,0,0.27
1,1,0,0,4,1,0,1,0,0,2,0,2,2,0,1,2,94.75,422.4,0,1,0.91
0,0,1,1,67,1,2,1,2,0,0,2,2,2,2,0,1,106.7,7009.5,0,0,0.21
1,1,1,0,69,1,2,1,2,2,0,0,0,0,0,1,1,84.9,5785.65,0,0,0.1
1,0,1,0,39,1,0,2,1,1,1,1,1,1,2,1,0,20.45,790.0,0,0,0.0
1,1,1,0,52,1,2,1,0,2,2,0,2,2,1,1,0,105.1,5376.4,0,0,0.38
1,0,0,1,38,1,2,1,0,0,2,0,2,2,0,1,0,99.25,3777.15,1,0,0.31
1,0,1,0,71,1,2,1,2,0,2,2,2,2,2,1,1,108.55,7616.0,0,0,0.28
1,1,0,0,3,1,2,1,0,2,0,0,0,0,0,1,2,81.35,233.7,1,1,0.86
1,0,0,0,9,0,1,0,0,0,0,0,0,0,0,1,2,24.95,190.25,0,0,0.33
1,0,0,0,17,1,0,2,1,1,1,1,1,1,1,0,3,19.95,310.6,0,0,0.0
1,0,1,0,35,1,2,1,0,0,0,2,0,2,0,1,0,89.85,3161.2,0,0,0.24
0,0,1,1,72,1,2,0,2,0,2,2,2,2,2,1,0,83.3,6042.7,0,0,0.01
1,0,1,0,41,1,0,2,1,1,1,1,1,1,2,1,2,19.75,899.45,0,0,0.02
1,0,0,0,63,1,0,0,2,2,2,2,2,2,2,1,0,86.7,5309.5,0,0,0.0
0,1,1,0,32,1,2,1,0,0,0,0,2,0,0,1,1,85.95,2628.6,1,0,0.4
0,0,1,0,13,1,2,1,0,2,2,0,2,0,0,0,2,94.1,1215.6,1,1,0.68
0,0,1,1,72,1,2,2,1,1,1,1,1,1,1,1,0,23.3,1623.15,0,0,0.0
0,0,0,0,52,1,2,1,0,2,0,0,0,0,1,1,3,80.2,4297.6,0,0,0.13
1,0,0,0,31,1,0,1,0,2,2,0,2,2,0,1,2,101.4,3143.65,0,0,0.42
1,0,1,1,72,1,2,2,1,1,1,1,1,1,2,0,0,25.0,1738.9,0,0,0.0
0,0,0,0,29,1,2,1,0,0,2,0,2,2,0,1,1,98.6,2933.2,1,0,0.36
0,0,0,0,40,1,2,0,0,0,2,2,2,2,1,1,3,80.75,3208.65,0,0,0.1
0,1,1,0,66,1,2,1,0,2,2,0,2,2,1,0,1,104.6,6819.45,0,0,0.29
0,0,0,0,1,1,0,1,0,0,2,0,2,2,0,0,2,94.4,94.4,1,1,0.95
1,0,0,0,2,1,0,0,0,0,0,0,0,0,0,1,1,46.0,84.5,1,0,0.48
1,0,1,0,72,1,2,1,2,2,2,2,2,2,2,0,0,115.15,8349.45,0,0,0.0
0,1,0,0,66,1,2,1,2,0,0,0,2,2,2,1,0,102.4,6471.85,0,0,0.16
1,0,1,1,50,1,2,0,0,0,2,0,0,0,1,0,0,54.9,2614.1,0,0,0.03
0,0,0,0,15,1,0,1,2,2,0,0,2,2,0,1,1,99.1,1426.4,1,1,0.62
0,0,1,0,37,1,2,1,0,0,2,0,0,0,0,1,1,78.95,2839.65,1,0,0.47
0,0,1,1,13,1,0,1,0,0,0,0,2,2,0,0,2,88.35,1222.8,1,0,0.49
0,1,1,0,58,1,2,1,0,2,0,0,2,2,1,1,0,97.8,5458.8,0,1,0.57
1,1,0,0,15,1,2,1,0,0,0,0,0,0,0,1,1,74.2,1133.9,1,0,0.38
1,0,1,1,18,1,0,2,1,1,1,1,1,1,1,0,0,19.8,342.3,0,0,0.03
0,0,1,1,72,1,2,1,2,2,0,0,2,0,2,1,0,95.9,6954.15,0,0,0.0
0,0,0,0,31,1,0,1,2,0,2,2,0,0,0,0,2,87.6,2724.25,0,0,0.32
1,0,0,0,53,1,0,2,1,1,1,1,1,1,2,0,0,19.65,978.0,0,0,0.15
0,0,1,0,26,1,0,0,0,2,2,2,2,2,0,0,0,81.9,2078.55,0,0,0.12
1,0,0,0,6,1,0,0,2,0,2,2,2,2,2,1,3,80.25,493.4,0,0,0.16
1,0,1,0,61,1,2,1,0,2,2,2,2,2,0,1,2,114.1,7132.15,0,0,0.26
1,0,1,1,9,1,2,1,0,0,2,0,0,0,0,1,0,79.35,661.25,1,1,0.64
0,0,1,0,46,1,0,0,0,2,0,0,2,2,0,1,1,69.1,3168.0,0,0,0.17
0,0,0,0,62,1,0,0,2,0,0,2,0,2,2,1,3,65.1,3846.75,0,0,0.03
0,0,1,1,52,1,2,1,0,2,2,0,2,0,1,1,1,95.7,4976.15,0,0,0.15
0,0,0,1,1,1,0,1,0,0,0,0,0,0,0,1,2,69.65,69.65,1,1,0.93
0,0,1,1,11,0,1,0,2,0,0,0,0,0,0,1,2,29.6,346.45,0,0,0.13
0,0,0,0,72,1,2,1,2,2,2,2,2,2,2,1,0,116.45,8013.55,0,0,0.02
1,1,1,0,32,1,2,1,0,2,2,0,0,2,0,1,2,93.5,2970.8,0,1,0.59
0,0,0,0,65,1,0,0,2,2,0,2,0,0,2,1,3,59.6,3739.8,0,0,0.01
0,0,1,1,52,1,0,0,0,0,2,0,0,0,1,1,0,50.95,2610.65,0,0,0.01
1,0,0,0,47,1,2,1,2,2,0,2,2,0,0,0,3,100.75,4669.2,0,0,0.2
1,0,1,1,55,1,2,1,0,0,2,0,2,0,0,1,1,90.4,5099.15,0,0,0.24
1,0,0,1,1,0,1,0,0,0,0,0,0,0,0,0,2,24.75,24.75,1,0,0.35
1,0,0,0,2,1,0,1,0,0,0,0,2,0,0,1,2,80.25,144.55,1,0,0.5
1,0,1,1,35,1,0,2,1,1,1,1,1,1,2,0,3,19.6,686.95,0,0,0.0
0,0,1,1,33,1,0,2,1,1,1,1,1,1,1,0,3,20.1,579.4,0,0,0.0
1,0,1,1,15,1,0,1,2,0,0,2,2,2,1,0,2,101.9,1667.25,0,0,0.41
0,0,1,0,72,1,2,0,2,2,2,2,2,2,2,1,0,90.95,6468.6,0,0,0.0
1,1,0,0,1,1,0,0,0,0,0,0,0,0,0,0,2,44.0,44.0,0,0,0.46
0,0,1,1,43,1,0,0,0,0,0,0,2,0,0,0,2,56.15,2499.3,1,0,0.17
1,0,0,0,10,1,0,0,0,2,0,0,2,0,0,1,3,59.65,638.95,0,0,0.15
1,0,0,0,5,1,0,2,1,1,1,1,1,1,0,0,3,20.35,92.75,0,0,0.14
1,0,0,0,57,1,2,1,0,0,0,2,2,0,2,1,1,90.45,5229.8,0,0,0.1
0,0,1,1,17,1,2,1,2,0,2,0,2,0,0,0,2,94.4,1607.2,1,0,0.5
0,0,1,0,52,1,2,1,0,2,0,2,2,2,0,1,1,102.7,5138.1,0,0,0.27
1,0,0,0,15,1,2,0,0,2,0,2,0,0,0,1,1,58.6,939.7,1,0,0.24
1,1,0,0,24,1,2,1,0,0,0,0,0,0,0,1,2,76.1,1712.7,1,1,0.67
1,0,1,1,30,1,2,1,2,2,0,0,2,0,0,1,2,94.4,2838.7,1,0,0.4
1,0,0,0,3,1,0,0,2,0,2,0,2,2,0,1,2,77.4,206.15,0,1,0.53
1,0,1,0,23,1,2,1,2,2,2,0,2,0,0,1,2,99.25,2186.4,1,1,0.64
0,0,0,0,29,1,0,2,1,1,1,1,1,1,0,0,1,19.35,601.6,0,0,0.1
0,0,0,0,1,0,1,0,0,0,0,0,0,0,0,0,3,24.4,24.4,0,0,0.42
1,0,0,0,2,1,0,0,0,0,0,2,0,0,0,1,1,50.2,109.25,0,0,0.44
1,0,1,1,40,1,2,1,0,0,2,0,0,0,0,1,2,81.2,3292.3,0,0,0.47
1,0,0,0,1,1,0,0,0,0,0,0,0,0,0,0,2,44.0,44.0,0,0,0.32
1,0,1,0,62,0,1,0,0,0,0,2,2,0,2,1,0,39.0,2337.45,0,0,0.11
1,0,0,0,32,1,0,2,1,1,1,1,1,1,1,0,1,20.35,707.5,0,0,0.0
0,0,1,1,33,1,0,2,1,1,1,1,1,1,2,0,1,19.8,641.35,0,0,0.01
0,0,1,1,71,1,0,2,1,1,1,1,1,1,2,0,0,20.5,1500.95,0,0,0.0
0,0,1,1,10,1,0,2,1,1,1,1,1,1,2,0,3,20.15,220.8,0,0,0.01
0,0,0,1,15,1,0,0,2,2,2,2,0,0,1,0,1,65.6,1010.0,0,0,0.12
1,0,1,0,43,1,0,1,2,2,2,0,0,0,0,1,1,86.1,3551.65,0,0,0.25
1,0,0,0,2,1,2,1,0,0,0,0,2,0,0,1,2,85.65,181.5,1,1,0.72
1,0,0,0,5,1,2,1,0,0,0,0,2,2,0,1,0,94.85,462.8,1,1,0.86
0,0,0,0,68,0,1,0,2,0,2,2,0,0,2,0,3,38.9,2719.2,0,0,0.07
1,0,0,0,2,1,0,0,0,0,0,0,0,0,0,0,3,44.65,74.9,1,1,0.55
0,1,1,1,66,1,2,1,2,2,0,2,2,2,1,1,1,110.6,7210.85,0,0,0.13
1,0,0,0,1,1,0,1,0,0,0,0,0,0,0,1,2,69.65,69.65,1,1,0.998
0,1,0,0,50,1,2,1,2,2,0,0,0,0,0,1,2,83.4,4113.7,0,0,0.27
0,0,0,0,15,1,0,1,0,0,2,0,2,2,0,1,1,94.0,1505.45,0,1,0.59
1,0,1,0,65,1,2,1,2,0,2,0,2,2,0,1,2,104.25,6812.95,0,0,0.18
1,1,1,0,68,1,2,1,0,2,2,0,2,2,0,1,2,105.3,7299.65,1,0,0.33
0,0,1,1,72,1,0,2,1,1,1,1,1,1,2,1,3,20.7,1482.3,0,0,0.0
0,0,0,0,10,1,2,1,0,2,0,0,0,0,0,1,1,81.0,818.05,1,1,0.78
1,0,1,0,58,0,1,0,0,0,0,0,2,2,1,1,1,45.0,2689.35,0,0,0.15
1,0,0,0,1,1,0,1,0,0,0,0,2,2,0,1,2,89.25,89.25,0,1,0.92
0,0,0,0,12,1,2,1,0,0,0,0,0,2,0,1,2,86.55,1066.9,0,1,0.59
1,0,0,0,55,1,2,0,0,0,2,0,2,2,2,1,0,77.8,4323.35,0,0,0.06
1,0,0,0,3,1,2,1,0,0,0,0,0,0,0,1,2,74.4,229.55,1,1,0.82
0,0,0,1,15,1,0,1,0,0,0,0,0,0,0,0,0,69.0,994.8,1,0,0.31
0,0,0,0,54,1,2,1,0,2,0,0,2,2,2,1,0,97.2,5129.45,0,0,0.32
0,1,1,1,12,0,1,0,0,0,0,2,0,0,0,1,3,29.3,355.9,0,0,0.38
1,0,0,0,2,1,0,2,1,1,1,1,1,1,0,0,3,20.0,32.7,0,0,0.47
1,0,0,1,13,1,0,0,0,0,0,0,0,0,0,0,3,44.0,659.35,0,0,0.16
0,0,1,0,20,1,0,1,0,0,0,0,0,0,0,1,0,69.8,1540.35,0,0,0.41
0,0,1,0,72,0,1,0,2,2,2,2,2,2,2,0,0,65.5,4919.7,0,0,0.03
0,0,1,0,67,1,2,0,2,2,2,0,0,0,2,0,3,65.65,4322.85,0,0,0.03
1,0,0,1,11,1,2,1,0,0,0,0,0,2,0,0,2,86.2,893.2,0,1,0.51
1,0,0,0,1,1,0,0,0,0,2,2,0,0,0,0,3,55.05,55.05,0,0,0.49
0,0,1,1,72,1,2,0,2,2,2,2,2,2,2,0,1,89.8,6510.45,0,0,0.0
1,0,1,0,30,1,0,0,0,0,2,0,0,0,0,1,3,50.0,1474.9,0,0,0.13
0,1,0,0,27,1,2,1,0,2,2,0,0,0,0,1,0,86.45,2401.05,0,1,0.55
0,0,1,1,14,1,0,0,2,2,0,2,0,0,0,0,0,59.45,780.85,0,0,0.16
0,0,0,0,1,1,0,0,0,0,0,0,0,0,0,0,1,43.95,43.95,0,0,0.29
0,0,0,0,46,1,2,0,2,0,2,0,2,2,2,0,3,79.2,3593.8,0,0,0.06
0,1,0,0,1,1,2,1,0,0,0,0,0,0,0,1,2,74.2,74.2,1,1,0.6
0,0,0,0,52,0,1,0,2,2,0,2,0,0,2,0,3,39.1,1982.1,0,0,0.0
1,0,0,0,1,1,0,0,0,0,0,0,0,0,0,0,2,45.3,45.3,1,1,0.91
1,0,1,0,22,1,0,1,0,0,2,0,2,2,0,1,1,94.7,1914.9,1,0,0.28
0,1,0,0,63,1,2,1,0,0,2,0,0,2,0,1,0,89.6,5538.8,0,0,0.41
0,0,1,1,1,1,0,1,0,0,0,0,0,0,0,1,2,69.8,69.8,1,1,0.89
1,0,1,0,32,1,2,0,2,0,0,2,2,0,1,1,1,72.8,2333.05,0,0,0.05
0,0,0,0,5,1,0,0,0,2,0,0,0,0,0,0,0,50.55,244.75,0,0,0.47
1,0,0,0,54,1,0,0,2,2,0,2,2,0,0,1,3,69.9,3883.3,0,0,0.05
0,0,0,0,1,1,0,2,1,1,1,1,1,1,0,0,3,19.5,19.5,0,1,0.65
0,0,0,0,18,1,2,1,0,0,0,2,2,2,0,1,0,99.85,1776.95,1,0,0.45
1,0,0,0,6,1,0,0,0,0,2,0,2,0,0,0,3,60.9,414.1,0,0,0.22
1,0,1,1,6,1,0,0,0,2,2,0,0,0,0,1,3,55.3,324.25,1,0,0.36
1,0,0,0,1,1,0,2,1,1,1,1,1,1,0,0,3,19.1,19.1,0,0,0.15
1,0,0,0,17,1,0,0,2,2,0,0,0,0,0,1,1,55.5,934.15,0,0,0.25
1,1,1,0,1,1,2,1,2,0,0,0,0,0,0,1,2,80.3,80.3,1,1,0.78
0,0,1,0,9,1,0,1,0,0,0,0,0,2,0,1,2,79.75,769.1,0,1,0.85
1,0,1,1,72,1,2,0,2,2,2,2,2,2,2,0,1,88.7,6501.35,0,0,0.0
1,0,0,0,12,1,0,0,0,0,0,2,0,0,0,0,0,50.25,593.75,1,0,0.14
0,0,1,1,39,1,0,2,1,1,1,1,1,1,2,1,0,19.85,854.8,0,0,0.0
1,1,1,0,35,1,2,1,2,2,0,0,0,2,0,1,2,94.55,3365.4,0,0,0.41
0,0,0,0,72,1,2,1,0,0,2,2,2,2,2,1,1,107.5,7853.7,0,0,0.19
0,0,0,1,17,1,2,0,0,0,2,0,0,0,1,1,3,55.85,937.5,1,0,0.07
1,0,0,0,72,1,2,0,2,2,2,2,0,0,2,0,0,69.65,4908.25,0,0,0.0
0,0,0,0,59,1,2,1,0,2,2,0,0,0,0,1,2,83.25,4949.1,0,0,0.32
1,0,1,0,72,1,2,1,0,2,0,0,2,2,2,1,2,99.4,7285.7,0,0,0.17
1,1,1,1,60,1,2,1,2,0,0,0,0,0,0,1,2,80.95,4859.1,0,0,0.17
0,1,0,0,72,1,2,1,2,2,2,2,2,2,2,1,1,117.35,8436.25,0,0,0.01
1,0,0,0,15,0,1,0,0,0,0,2,0,0,0,1,2,29.7,438.25,1,0,0.23
1,0,1,0,68,0,1,0,2,0,2,0,2,2,2,1,0,54.1,3794.5,0,0,0.04
0,1,0,0,71,1,2,1,0,0,2,0,2,2,2,0,0,104.05,7413.55,0,0,0.11
1,0,1,1,58,1,2,1,0,0,2,2,2,2,1,1,0,105.05,6004.85,0,0,0.2
1,0,0,0,44,1,0,1,0,2,0,2,2,2,0,0,2,100.55,4398.15,1,0,0.36
0,1,1,0,72,1,2,1,2,0,2,2,2,2,2,1,3,109.75,8075.35,0,0,0.06
1,0,1,1,6,1,2,2,1,1,1,1,1,1,2,0,3,25.4,153.3,0,0,0.01
0,0,0,0,9,1,0,2,1,1,1,1,1,1,0,0,3,20.25,186.15,0,0,0.26
1,0,1,1,66,1,0,2,1,1,1,1,1,1,2,0,1,20.0,1374.2,0,0,0.0
0,0,0,0,13,1,0,1,0,2,2,0,0,0,0,1,2,79.25,1111.65,1,1,0.81
1,1,0,0,20,1,2,1,0,0,0,0,2,0,0,1,2,84.35,1745.2,0,1,0.82
1,0,0,1,1,1,0,2,1,1,1,1,1,1,0,1,3,19.2,19.2,0,1,0.62
0,0,1,1,5,1,2,2,1,1,1,1,1,1,0,1,3,24.3,132.25,0,0,0.2
1,0,1,0,51,1,0,0,2,2,2,2,2,2,2,1,1,83.85,4307.1,0,0,0.0
1,0,0,0,32,1,2,1,0,2,0,0,0,0,0,1,0,80.35,2596.15,1,0,0.4
1,0,1,0,67,1,0,1,2,2,0,0,0,2,1,1,1,90.6,6056.15,1,0,0.09
1,0,1,1,12,1,2,2,1,1,1,1,1,1,2,1,0,25.4,313.0,0,0,0.07
1,0,0,0,27,1,2,1,0,0,2,0,0,0,0,1,2,81.3,2272.8,0,1,0.7
1,1,1,0,60,1,0,1,0,2,2,0,2,2,1,1,2,97.95,5867.0,0,0,0.22
0,0,0,1,18,1,2,0,2,0,0,0,0,2,0,0,2,64.8,1166.7,0,0,0.17
0,1,0,0,3,1,0,1,0,0,0,0,0,0,0,1,2,70.3,235.5,1,1,0.67
0,0,0,0,1,1,0,2,1,1,1,1,1,1,0,0,2,19.3,19.3,1,0,0.07
0,0,0,0,2,1,0,2,1,1,1,1,1,1,0,0,3,20.35,45.3,0,0,0.07
0,0,0,0,30,0,1,0,0,0,0,2,0,2,1,1,1,40.35,1187.05,0,0,0.11
1,0,1,0,71,1,2,1,2,2,2,0,2,2,1,1,2,109.6,7854.15,0,0,0.23
0,0,1,0,17,1,2,1,0,0,0,0,2,2,0,0,2,92.6,1579.7,0,1,0.65
1,0,0,0,3,1,0,1,0,2,0,0,0,2,0,0,2,84.3,235.05,0,0,0.41
0,0,0,0,1,1,0,0,0,0,0,0,0,0,0,0,3,45.3,45.3,0,0,0.29
0,1,0,0,67,1,2,0,0,2,0,0,0,0,0,0,2,54.9,3725.5,0,0,0.23
1,0,0,0,31,1,2,1,0,0,0,2,0,0,1,0,1,81.7,2548.65,0,0,0.1
1,1,0,0,29,1,0,1,0,2,2,0,2,2,0,1,0,101.45,2948.6,0,0,0.44
1,1,1,0,41,1,2,1,2,0,2,0,0,0,0,1,0,83.75,3273.55,1,0,0.26
1,0,0,0,11,1,0,1,2,0,2,0,0,0,0,1,0,79.5,795.65,0,0,0.29
1,0,1,1,24,1,0,0,2,2,0,2,0,2,0,1,1,70.3,1706.45,0,0,0.05
1,0,0,1,18,1,0,0,0,0,0,0,0,0,0,1,1,45.65,747.2,0,0,0.13
1,0,1,1,25,1,0,1,0,0,0,2,2,0,0,0,2,85.9,2199.05,0,0,0.28
0,1,1,0,13,0,1,0,0,0,0,0,2,2,0,0,2,45.3,528.45,0,0,0.48
1,0,0,0,4,1,0,1,0,0,0,0,0,2,0,1,2,79.9,324.3,1,1,0.65
0,0,0,0,29,0,1,0,0,0,0,2,0,0,0,1,2,31.2,926.2,0,0,0.19
0,0,1,0,72,1,2,1,2,0,0,0,0,0,2,0,0,80.45,5737.6,0,0,0.01
1,0,1,1,70,1,0,2,1,1,1,1,1,1,2,0,1,20.05,1360.25,0,0,0.0
1,0,1,1,67,1,0,1,0,2,2,2,2,2,2,0,0,103.15,6895.5,0,0,0.11
0,0,1,0,20,1,0,1,0,0,2,2,0,0,0,1,3,81.0,1683.7,0,0,0.26
1,0,0,0,64,1,0,1,2,2,0,0,2,2,1,1,1,100.3,6603.8,0,0,0.14
0,0,0,1,18,0,1,0,0,0,0,0,0,2,0,1,2,35.0,553.0,1,0,0.2
1,0,0,0,1,1,0,0,0,0,0,2,0,0,0,1,2,49.3,49.3,0,0,0.4
1,0,1,1,72,1,2,0,2,0,2,2,2,2,2,1,1,83.55,6093.3,0,0,0.02
1,0,1,0,67,1,0,1,2,2,0,0,2,2,1,1,1,100.9,6733.15,0,0,0.14
1,0,0,0,5,1,0,0,0,0,2,0,2,2,1,1,3,70.0,347.4,1,0,0.37
1,0,0,0,24,1,2,0,2,0,0,0,0,0,0,1,0,55.65,1400.55,1,0,0.18
0,0,1,0,59,1,0,2,1,1,1,1,1,1,1,0,3,20.35,1267.0,0,0,0.01
0,0,0,0,71,1,2,1,0,2,2,2,2,2,2,1,2,111.25,7984.15,0,0,0.06
0,0,0,0,1,1,0,1,0,0,2,0,0,0,0,0,0,73.5,73.5,1,1,0.83
0,0,1,1,36,1,0,2,1,1,1,1,1,1,0,0,0,19.2,702.9,0,0,0.04
0,0,1,1,25,1,0,2,1,1,1,1,1,1,2,1,3,18.7,383.65,0,0,0.03
1,0,1,1,6,1,0,1,0,0,0,0,0,0,0,1,2,69.8,377.85,0,1,0.69
1,0,1,0,50,1,2,1,0,2,0,0,2,2,1,1,2,98.25,4858.7,0,0,0.36
0,0,0,0,3,1,0,2,1,1,1,1,1,1,0,0,3,19.85,63.75,1,0,0.25
0,0,1,0,62,1,2,0,2,2,0,2,2,2,2,1,2,84.95,5150.55,0,0,0.02
0,0,0,0,6,1,0,1,0,0,0,0,2,2,0,1,2,91.1,455.3,1,1,0.86
0,0,0,0,5,1,2,2,1,1,1,1,1,1,0,0,3,25.45,134.75,0,0,0.17
0,0,1,1,68,1,2,1,0,2,0,2,2,2,2,1,1,103.75,7039.45,0,0,0.04
1,0,0,1,14,1,0,0,2,2,2,2,0,2,2,0,0,76.1,1054.8,0,0,0.06
0,1,1,0,30,1,2,1,0,2,0,0,2,0,0,1,2,90.05,2627.2,0,1,0.68
0,0,1,1,37,1,2,1,0,2,2,0,0,2,0,1,2,95.15,3532.85,0,1,0.55
0,0,1,1,69,1,2,1,2,2,2,2,2,2,2,0,1,113.25,7895.15,0,0,0.04
1,0,0,1,27,1,2,2,1,1,1,1,1,1,2,1,1,25.85,788.55,0,0,0.04
1,0,1,1,51,1,2,1,2,2,0,2,2,2,1,0,1,110.05,5686.4,0,0,0.32
0,0,0,0,7,1,0,0,2,2,2,0,0,0,0,0,2,61.4,438.9,0,0,0.33
1,0,0,0,19,1,0,0,0,0,2,2,0,0,0,1,1,55.0,1046.5,1,0,0.1
1,0,0,0,25,1,0,2,1,1,1,1,1,1,1,0,1,19.9,510.8,0,0,0.0
1,0,1,0,56,1,2,1,2,0,0,0,2,2,1,1,2,100.55,5514.95,0,0,0.16
0,0,0,0,1,1,0,2,1,1,1,1,1,1,0,0,3,19.1,19.1,0,0,0.19
0,1,1,1,68,0,1,0,0,2,2,0,2,2,2,1,2,53.0,3656.25,0,0,0.12
1,1,1,0,61,1,2,1,0,2,0,0,0,0,0,1,2,82.15,4904.85,0,0,0.36
0,0,1,1,68,1,0,2,1,1,1,1,1,1,2,1,0,19.35,1292.65,0,0,0.0
1,0,1,1,54,1,0,2,1,1,1,1,1,1,2,0,1,20.4,1090.6,0,0,0.04
1,0,0,0,1,1,2,0,0,0,0,0,0,0,0,1,2,50.45,50.45,1,0,0.31
1,0,0,0,1,1,0,2,1,1,1,1,1,1,0,0,3,19.05,19.05,0,0,0.09
1,0,0,0,12,1,2,1,0,0,0,0,2,2,0,0,2,94.55,1173.55,0,1,0.68
0,0,0,0,26,1,0,0,0,2,2,0,0,0,1,1,3,56.05,1553.2,0,0,0.09
0,1,0,0,35,1,2,1,2,2,2,2,2,2,1,1,0,110.8,3836.3,0,0,0.11
0,0,1,1,72,1,2,2,1,1,1,1,1,1,2,0,0,25.1,1857.85,0,0,0.0
